outer_target_code	source_regime_id	panel_id	replicate_count	pooled_rmse_mean	pooled_rmse_sd	pooled_mae_mean	pooled_mae_sd	pooled_r2_mean	pooled_r2_sd	pooled_pearson_mean	pooled_pearson_sd	pooled_spearman_mean	pooled_spearman_sd	pooled_one_tier_accuracy_mean	pooled_one_tier_accuracy_sd	macro_rmse_mean	macro_rmse_sd	macro_mae_mean	macro_mae_sd	macro_r2_mean	macro_r2_sd	macro_pearson_mean	macro_pearson_sd	macro_spearman_mean	macro_spearman_sd	macro_one_tier_accuracy_mean	macro_one_tier_accuracy_sd
ec	kp_plus_se_to_ec	full_target_panel	3	2.4386954213011074	0.2580441807936835	1.8079594861690378	0.18392038401712182	0.431295357580005	0.11988557465137109	0.7315524464240676	0.033116418720451284	0.7535594159883016	0.03547634603367633	0.37062953983440033	0.02752088671420155	2.195029689072503	0.1850591229813164	1.708616440998722	0.15341023903793774	-0.5152250731568954	0.3105733962409563	0.49872768241514853	0.029611441924317635	0.46111315334058284	0.020332867967261355	0.3883853204713554	0.02666861200444836
ec	kp_plus_se_to_ec	source_shared_drugs	3	2.4386954213011074	0.2580441807936835	1.8079594861690378	0.18392038401712182	0.431295357580005	0.11988557465137109	0.7315524464240676	0.033116418720451284	0.7535594159883016	0.03547634603367633	0.37062953983440033	0.02752088671420155	2.195029689072503	0.1850591229813164	1.708616440998722	0.15341023903793774	-0.5152250731568954	0.3105733962409563	0.49872768241514853	0.029611441924317635	0.46111315334058284	0.020332867967261355	0.3883853204713554	0.02666861200444836
ec	kp_plus_se_to_ec	source_unseen_in_mic_training	3																								
ec	kp_to_ec	full_target_panel	3	2.4875458881176584	0.06439181178755189	1.7690214928760348	0.038495931346669045	0.4124048537572751	0.030602800303413908	0.6717634529246584	0.017819703811792056	0.6898177951104641	0.021898601215330146	0.42392919189132944	0.005189056225984232	2.29978043462081	0.05991767474377287	1.8004979074525338	0.04579800484246762	-0.7708672142830725	0.0998624514273337	0.4903615272552324	0.008236088619125162	0.44311290431614264	0.014222362638562866	0.42112113668987766	0.008162522853411019
ec	kp_to_ec	source_shared_drugs	3	2.325158979452865	0.05566245438994046	1.6682054755564473	0.03024290340468475	0.48467939777123226	0.02481979789515404	0.7369950238410811	0.016010750447867296	0.7589673331326913	0.01991300767201735	0.43819473594204256	0.008968196992642856	2.080899872211359	0.04798572901381954	1.579912652050553	0.030594648543416876	-0.3640089126394012	0.056686952571576535	0.5263799278875301	0.011003524910164354	0.4741354925301529	0.016749104625558467	0.4494710874320857	0.014553987721402366
ec	kp_to_ec	source_unseen_in_mic_training	3	4.14914892834987	0.1447685510915875	3.19174827700237	0.22680309735004872	-3.914212725946052	0.3447504938883122	-0.10046209034100767	0.034263086235824934	-0.032755023939946365	0.03358238834354507	0.22261225683779431	0.07999037375716785	4.160265215101145	0.16998407761301593	3.6754725783693747	0.21310907751437616	-4.2291627782542776	0.5647326246187414	0.18420512188070226	0.036719168048873416	0.17942090449705503	0.0579029206354222	0.18014655538110924	0.06412791699932688
ec	se_to_ec	full_target_panel	3	3.4139053803999317	0.16364852406513763	2.6574784500190236	0.16005957699276582	-0.10792352109480637	0.10743611687486346	0.4929997161520605	0.052807879815562606	0.4891661153456453	0.05034851237283426	0.2601152712649351	0.017562777949929616	3.1279070851766897	0.15642493577632344	2.6148430370771973	0.16475968221588047	-4.822050642766627	0.2734280354113003	0.3984862039628199	0.02987878229900606	0.3770944785688321	0.01631764613563491	0.2652692686683222	0.01879168653260087
ec	se_to_ec	source_shared_drugs	3	2.7878741610447366	0.2240147355429786	2.0893980443776936	0.1813447044182497	0.43059204886658176	0.09313454071177935	0.7751461756488626	0.02773788631602559	0.8091656129053025	0.026555860836912828	0.33120290101422173	0.025125751152014375	2.503987165582042	0.15166190590807926	1.9116346037052576	0.16266325098714693	-0.2985581295629289	0.07686158658979914	0.5299454631637402	0.029607030680927175	0.47692285343122226	0.020353854689479388	0.3625457833666805	0.02221570898952052
ec	se_to_ec	source_unseen_in_mic_training	3	3.813389804506396	0.13837136791012253	3.080883029452959	0.14607475129779887	-0.7857853628951412	0.130316225677685	0.09937824504498831	0.07915804522022495	0.10570699879937351	0.06798335574423722	0.20713187722765583	0.012182024071527865	3.5816670267000696	0.15988896142988623	3.12626735225679	0.16631473728672458	-8.111863379642045	0.419735311652843	0.3028794699985143	0.030403617524784626	0.3044920241234573	0.013385933308897893	0.1945227125240616	0.020269697743152317
kp	ec_to_kp	full_target_panel	3	2.3348333017198577	0.09345611267333713	1.7692392029066835	0.10999395188917545	0.2301958461609975	0.06103583342917739	0.6510136500989772	0.01249490283557047	0.65018727424319	0.0175416173035951	0.3834072247957216	0.04598818122771076	2.2263791009304317	0.07666753950071697	1.7379723189726544	0.09280531299971599	-0.3852244297980336	0.10405006118836584	0.3642399087477874	0.012731718695337256	0.3227932701583018	0.015521917656797444	0.383192270992516	0.03615941459462736
kp	ec_to_kp	source_shared_drugs	3	2.3348333017198577	0.09345611267333713	1.7692392029066835	0.10999395188917545	0.2301958461609975	0.06103583342917739	0.6510136500989772	0.01249490283557047	0.65018727424319	0.0175416173035951	0.3834072247957216	0.04598818122771076	2.2263791009304317	0.07666753950071697	1.7379723189726544	0.09280531299971599	-0.3852244297980336	0.10405006118836584	0.3642399087477874	0.012731718695337256	0.3227932701583018	0.015521917656797444	0.383192270992516	0.03615941459462736
kp	ec_to_kp	source_unseen_in_mic_training	3																								
kp	se_plus_ec_to_kp	full_target_panel	3	2.5330749761398086	0.12495565178585809	1.8888362387889235	0.11069992506606757	0.09342250755817644	0.08802972629935904	0.6585950027247508	0.022883261048816973	0.6549915863144048	0.02568812587110234	0.3772241992882562	0.03914986027269405	2.358023545318863	0.08271736991781248	1.8274537484562927	0.08677419908066027	-0.5310675735525318	0.08997932968750276	0.3857303682855944	0.04773320340353568	0.32718078007224655	0.05423900473521221	0.3813653256680533	0.03207390476746996
kp	se_plus_ec_to_kp	source_shared_drugs	3	2.5330749761398086	0.12495565178585809	1.8888362387889235	0.11069992506606757	0.09342250755817644	0.08802972629935904	0.6585950027247508	0.022883261048816973	0.6549915863144048	0.02568812587110234	0.3772241992882562	0.03914986027269405	2.358023545318863	0.08271736991781248	1.8274537484562927	0.08677419908066027	-0.5310675735525318	0.08997932968750276	0.3857303682855944	0.04773320340353568	0.32718078007224655	0.05423900473521221	0.3813653256680533	0.03207390476746996
kp	se_plus_ec_to_kp	source_unseen_in_mic_training	3																								
kp	se_to_kp	full_target_panel	3	3.7098937272923584	0.22204509117129173	2.940846198508805	0.2554894944695149	-0.9460937009958399	0.23175108341353332	0.43294857958808647	0.02716465570241159	0.38775625086630366	0.02783746310123083	0.23211197041690687	0.04143267406548374	3.4627134094749685	0.19904466265489623	2.8771495194307626	0.22392813552597898	-2.6407871796739	0.40064896963220364	0.27250536681619547	0.03145936451729213	0.2452121875998329	0.03530237005074342	0.22504343668358803	0.036560437260629325
kp	se_to_kp	source_shared_drugs	3	3.963847012494258	0.1529277132571387	3.0366514384123753	0.16948966942629842	-0.9157267677274187	0.1478647893951547	0.5401641512965257	0.023752833652443493	0.5048256739854344	0.04150961024385188	0.2596867923930771	0.029436430955813005	3.4815032816282176	0.13463020168850245	2.8082774509054196	0.1644971370400966	-1.8287116672684254	0.22096517994095533	0.31610651389062944	0.04484216541564994	0.27533815384312255	0.05398860083725488	0.270473388567626	0.028033273620422718
kp	se_to_kp	source_unseen_in_mic_training	3	3.5147779991642345	0.28019718033272384	2.8718911894411754	0.3174238837746904	-0.9749298300037816	0.31146974110183745	0.32844327481215124	0.0330368546075391	0.3036102160760155	0.023698595952692445	0.2122652261123267	0.05012546803583588	3.4524643883004695	0.23418303888199546	2.914716102262768	0.25655828849629336	-3.083737459167796	0.49882705802336247	0.24872292295741327	0.024378893125551533	0.22877984237622043	0.026163937881228158	0.2002634629286583	0.041220754100439676
se	ec_to_se	full_target_panel	3	2.0867856755635033	0.017821029878117994	1.5820273828132276	0.034547549396670194	0.7153772772451212	0.004869656920211636	0.8857428713757449	0.0018506625819620073	0.8503778554559386	0.006228792223247989	0.3307511402991548	0.02055290983803472	2.059801072070563	0.027979265723111848	1.6356307218659794	0.029148128299927533	-1.9034771349288053	0.1864121846530739	0.5755899655121223	0.005153983370439432	0.39172757664605057	0.0010770261566984108	0.32464676528822095	0.017327452804767638
se	ec_to_se	source_shared_drugs	3	2.0867856755635033	0.017821029878117994	1.5820273828132276	0.034547549396670194	0.7153772772451212	0.004869656920211636	0.8857428713757449	0.0018506625819620073	0.8503778554559386	0.006228792223247989	0.3307511402991548	0.02055290983803472	2.059801072070563	0.027979265723111848	1.6356307218659794	0.029148128299927533	-1.9034771349288053	0.1864121846530739	0.5755899655121223	0.005153983370439432	0.39172757664605057	0.0010770261566984108	0.32464676528822095	0.017327452804767638
se	ec_to_se	source_unseen_in_mic_training	3																								
se	kp_plus_ec_to_se	full_target_panel	3	2.1192075965987924	0.010997065145818701	1.583005557973823	0.024432214184341328	0.7064733347512236	0.0030422412311224127	0.882568902271625	0.004698033619021619	0.8459553446082212	0.007073195951445982	0.3723983219133982	0.03207338228117849	2.085224678817138	0.038209657381344665	1.6302236276215158	0.03147855480247605	-2.2220738297935863	0.08982918593119611	0.5925189727116312	0.008956690954293519	0.40102628084858516	0.018926805823249137	0.3626351668421046	0.02511864761436979
se	kp_plus_ec_to_se	source_shared_drugs	3	2.1192075965987924	0.010997065145818701	1.583005557973823	0.024432214184341328	0.7064733347512236	0.0030422412311224127	0.882568902271625	0.004698033619021619	0.8459553446082212	0.007073195951445982	0.3723983219133982	0.03207338228117849	2.085224678817138	0.038209657381344665	1.6302236276215158	0.03147855480247605	-2.2220738297935863	0.08982918593119611	0.5925189727116312	0.008956690954293519	0.40102628084858516	0.018926805823249137	0.3626351668421046	0.02511864761436979
se	kp_plus_ec_to_se	source_unseen_in_mic_training	3																								
se	kp_to_se	full_target_panel	3	2.8608407713922404	0.04529219016604193	2.2681752067131207	0.058434020639779746	0.4650013376221171	0.017014481864003735	0.7487670148429958	0.015280200056676425	0.7604706217887288	0.014726500962973538	0.2685209659164074	0.02618208744639199	2.7099233378693968	0.041402367962509394	2.263201698224716	0.04272341208575576	-5.010304713369544	0.22582493915241753	0.5124357647668205	0.005118985778399868	0.352259394124317	0.016922209749252196	0.25985227240999337	0.02546006521255818
se	kp_to_se	source_shared_drugs	3	3.104961757608257	0.08597950076085799	2.505976128097816	0.09505829721058504	0.4427926130872111	0.030832462439589908	0.838211844131632	0.01779588195711097	0.839494589330463	0.01265862390978846	0.22876305509048867	0.013424798612585522	2.865861982549981	0.08331912422574043	2.4297840424407315	0.07817792116523078	-6.450354262903584	0.38426865135598676	0.5240719023405996	0.014275676628501	0.3715335284996031	0.01661514059596169	0.22951808839259677	0.030623500999785287
se	kp_to_se	source_unseen_in_mic_training	3	2.251781697541932	0.13335410153379934	1.7626801181541583	0.0753273495202247	0.01182428006275707	0.11818857772292561	0.4847021191482214	0.047605350870552864	0.36994782220066885	0.125517021384065	0.35303463616142355	0.07319125819245362	2.2421074038276445	0.1370316494090049	1.7634546655766685	0.0765675365091307	-0.6901560647674247	0.25308895344234444	0.4775273520454831	0.03871137393698011	0.2944369909984588	0.024830442717101203	0.35085482446218313	0.07209340358922
