outer_target_code	source_regime_id	normalized_antibiotic	replicate_count	rmse_mean	rmse_sd	mae_mean	mae_sd	r2_mean	r2_sd	pearson_mean	pearson_sd	spearman_mean	spearman_sd	one_tier_accuracy_mean	one_tier_accuracy_sd	observations
ec	kp_plus_se_to_ec	amikacin	3	1.3251051451240885	0.08049495541556113	1.054655706496775	0.059000839161068	-1.1845662637070853	0.26218533788706017	0.2530622405162631	0.06183744686825111	0.17457958547358987	0.08295493216429664	0.519016187333019	0.019988198139977566	4242
ec	kp_plus_se_to_ec	ampicillin	3	2.228904021577556	0.12714210529603026	1.5046589673492259	0.13089907933030884	0.23627237370386478	0.08788513976813306	0.620519643994275	0.0100095897753557	0.5590238744422318	0.022676664781424414	0.4485908649173955	0.0685827655027405	1715
ec	kp_plus_se_to_ec	aztreonam	3	2.1848602932527705	0.3723772166045887	1.6589556673160921	0.33747503571278253	-0.20704953632484505	0.42129525895176817	0.6022106461497644	0.013396438764378937	0.571039399021406	0.02698102368689545	0.43002635993290195	0.09591508975909177	2782
ec	kp_plus_se_to_ec	cefepime	3	2.325057880151385	0.06941073667961839	1.7541449958651718	0.08780038802290005	0.09468083063364056	0.05404656543961357	0.5645398830837661	0.007741194900357066	0.5582061629011844	0.03755109725867169	0.37443744374437443	0.0936300337978149	3333
ec	kp_plus_se_to_ec	cefmetazole	3	2.90303377054232	0.6461615469863313	2.3943319557127563	0.5923655655229783	-1.0131199012554741	0.896821302409406	0.1807768053474191	0.11740587923244589	0.14195585562361998	0.09258779053883097	0.2758432336474123	0.056558445743771286	2441
ec	kp_plus_se_to_ec	cefotaxime	3	3.6018521794561074	0.5136228213815924	2.6054637436737473	0.3866685118701165	0.40706419174409403	0.16961105012829283	0.6950895089578655	0.05547423153875777	0.7097049964480008	0.02034811041050807	0.32410443230115366	0.006838085355337511	5490
ec	kp_plus_se_to_ec	cefoxitin	3	1.2804417799617014	0.047941187096080695	0.9995315410985768	0.05105960071756922	0.06414399726509386	0.06925694669428789	0.5169387922821086	0.012503917899866504	0.36951747876589874	0.03302697807915521	0.6342301087578707	0.03327370722228651	1747
ec	kp_plus_se_to_ec	ceftazidime	3	3.4483312647700526	0.8945376942776857	2.768044789786915	0.8651990631770358	-0.42028179999976273	0.6997917412341786	0.6089258591609096	0.07508522881766329	0.6258525516668622	0.07117462811920781	0.23677469651408842	0.14927000741119337	5986
ec	kp_plus_se_to_ec	ceftriaxone	3	2.424204500754865	0.08831853338629315	1.571371423062824	0.07749847216463147	0.5209303429097344	0.035001835375602745	0.7626628120013613	0.03516578030952353	0.7331766868923606	0.009758276556521304	0.5512422360248448	0.03664991030427665	3220
ec	kp_plus_se_to_ec	cefuroxime	3	2.3611436546340605	0.22925921996265777	1.9030114281687618	0.26320538551963574	-1.0348295721602099	0.3894956250120418	0.24920621392785147	0.04134453039512383	0.19683702358558078	0.04431467485277078	0.339269519333828	0.07596083201333381	4043
ec	kp_plus_se_to_ec	chloramphenicol	3	1.721854161579789	0.22276188401948693	1.373884553017014	0.20840102581889094	-1.9565115624502187	0.7847995860734541	0.3349359414097479	0.04590901196066827	0.3394236831385556	0.03252288958037617	0.4608981123226638	0.04160717328372486	2843
ec	kp_plus_se_to_ec	ciprofloxacin	3	2.66250453895726	0.23093177835016612	1.9530435123913226	0.21096553719136146	0.544563916528657	0.07827535384378605	0.7847929009623519	0.00810914467358377	0.7663740955829326	0.01361770817000651	0.3177671254059069	0.06024607156394369	6467
ec	kp_plus_se_to_ec	imipenem	3	1.8666013336082294	0.4221460430781235	1.416911109564965	0.2906562205395389	-0.8501335567664325	0.8492400901005227	0.38457774415628765	0.05860867778114284	0.34360939920549854	0.05391265023436395	0.4795765189223354	0.07573258579632926	4219
ec	kp_plus_se_to_ec	levofloxacin	3	1.5956955204979444	0.2730593034062336	1.3306473347430743	0.26768410412680216	0.5224529329079259	0.1680717787164275	0.888292461105806	0.003627195812358683	0.7613456221243154	0.002153709643021662	0.3722912101290479	0.07923922022789161	2738
ec	kp_plus_se_to_ec	meropenem	3	2.5872024633650317	0.38155294318290156	2.0729431025508465	0.18195548329171393	-0.5298270294309458	0.448946576620547	0.33316052317994876	0.026782029553159763	0.2796881718247591	0.04541641568050434	0.2752788104089219	0.08434300332096963	5380
ec	kp_plus_se_to_ec	minocycline	3	1.9445276738791708	0.24110922300768614	1.7225461945423535	0.24618447811113675	-1.2354358466249469	0.5495186741264431	0.3274707927004504	0.07574956411395313	0.37116935908330023	0.08273161762930521	0.21498783454987827	0.0665093424908914	3425
ec	kp_plus_se_to_ec	tetracycline	3	2.1252894197115104	0.30766022475365257	1.759995223695041	0.27236946338605733	0.45746840737866096	0.15873941361030341	0.7132236236125232	0.12244932158488657	0.6851993278631493	0.09470705004028077	0.2654350996596985	0.06259009018738389	2057
ec	kp_plus_se_to_ec	tigecycline	3	1.6622032446762187	0.24647947670427942	1.484604278424716	0.24811002715747382	-4.276528792161343	1.4956693902638878	0.14102775690435276	0.015490781155811987	0.17301090129968485	0.01522068819272716	0.31190858775218705	0.1398837407755359	3734
ec	kp_plus_se_to_ec	tobramycin	3	1.4567512458774943	0.09416914887405893	1.134966851515533	0.06899326130121014	0.0714304778285811	0.12009017939982525	0.5144118164347699	0.029611780931061902	0.40143573852814357	0.005745069780373938	0.5476427072982224	0.04307377857449376	3019
ec	kp_to_ec	amikacin	3	1.1063049498237987	0.07650887848940226	0.8875732532129073	0.06147340818879241	-0.5238061025887588	0.20858120446641956	0.24277609027267721	0.03781310915158376	0.11604770267346338	0.03586170320579966	0.6272198648436272	0.04291810434349235	4242
ec	kp_to_ec	ampicillin	3	6.163399390956294	0.19563076992299017	5.630096129460515	0.2460034060522947	-4.831052078755075	0.37245592020729534	0.32227438674441394	0.05651497694183483	0.26976133961152887	0.0995554729312324	0.008551992225461533	0.0026293001474185875	1715
ec	kp_to_ec	aztreonam	3	1.8747525309457191	0.0874464300975203	1.339409665926566	0.06380793232632163	0.12689755161841934	0.08229392196835457	0.5856631094859933	0.017595439791501254	0.5476772561097035	0.06080644605147664	0.5375029954469207	0.03692121335346237	2782
ec	kp_to_ec	cefepime	3	2.2623219630958658	0.15916347649172155	1.560836490122589	0.0819491727775172	0.140559596394394	0.11867209160913139	0.5402577793560847	0.025789543644077	0.5361448882786164	0.0331504311956432	0.5461546154615462	0.031019871644883554	3333
ec	kp_to_ec	cefmetazole	3	2.3616101150533964	0.31207640817418186	1.90198518202537	0.25440034288833147	-0.30465693509609293	0.3527702250769524	0.34375549754458795	0.09862667356293249	0.2297789575086482	0.0924238866781516	0.31066502799399154	0.018868469697572998	2441
ec	kp_to_ec	cefotaxime	3	3.6202072363302498	0.1705656721030149	2.5504119277615653	0.1268951665568893	0.4081426266580495	0.0549313880119643	0.686427302931731	0.018794690228363206	0.6955646156963183	0.01965378016553032	0.38554948391013966	0.031054374096010452	5490
ec	kp_to_ec	cefoxitin	3	1.24323166877771	0.10148547971076968	0.9636914846529102	0.13510382498053666	0.11465443538632818	0.14729384272893742	0.47367287673331876	0.050043497548869255	0.31709988297527164	0.009207001099022399	0.6103796985308148	0.10263602763994238	1747
ec	kp_to_ec	ceftazidime	3	2.9345718497496307	0.12445728074493118	2.196266206695191	0.11098323980961897	0.014385299514443698	0.08324614447564364	0.6073100273683422	0.013105924795433313	0.6275257354136299	0.019020066870938313	0.3386791402160596	0.01682411496534856	5986
ec	kp_to_ec	ceftriaxone	3	2.4674447852031087	0.09980552685984212	1.5626471837546763	0.054662178521991595	0.5035855995944191	0.04004522861116317	0.7345090529845342	0.011149998270716732	0.6570294214743146	0.04956884213874773	0.6269151138716356	0.01750278525657316	3220
ec	kp_to_ec	cefuroxime	3	1.9514022751499696	0.10074608462896817	1.581851605541856	0.1275129427046755	-0.38365171418618865	0.14201934252782286	0.3279768255621339	0.020055142674316895	0.2532868522900286	0.013787914255521897	0.38255420892076836	0.06614759516173101	4043
ec	kp_to_ec	chloramphenicol	3	2.157131039245996	0.24118408961611953	1.7208490272782335	0.30586299076154366	-3.6272734777534805	0.9939722275758365	0.046135857016990495	0.03615251929820727	0.08908046938258113	0.02285006631133614	0.35174111853675694	0.12824087565342343	2843
ec	kp_to_ec	ciprofloxacin	3	2.912689608370806	0.07204432953155691	2.006475655751513	0.07970286332918543	0.4574502494814583	0.026697650110319545	0.7423556793680893	0.0015998786035895047	0.7479564709939441	0.005457107574147505	0.4285346116179578	0.01427835885041141	6467
ec	kp_to_ec	imipenem	3	1.5885321550199747	0.014954759209830758	1.180953796468207	0.03597765309544556	-0.2958533265485976	0.02433698376052661	0.37151626795223264	0.011444932017315676	0.35209223622469077	0.017237341340905748	0.5854467883384689	0.00941849560858286	4219
ec	kp_to_ec	levofloxacin	3	1.5713174863328883	0.14142854065166077	1.1436610279043775	0.1052931813326371	0.5433466401757537	0.08365678317333443	0.8124608159606712	0.02167074939601388	0.732346551005902	0.00526014312861327	0.5703676649622595	0.07463066873589534	2738
ec	kp_to_ec	meropenem	3	2.261933565345435	0.05183714411172049	1.7509732924503316	0.036937525048757386	-0.15303189316329455	0.05289466958134642	0.3403677286595082	0.006196971703700123	0.3231203314745836	0.006441681779033019	0.39083023543990086	0.04587062845942131	5380
ec	kp_to_ec	minocycline	3	1.8480383823263995	0.09141582589196276	1.652733768970137	0.1036455017989095	-1.0018664865671838	0.19600971928217215	0.5970408557675224	0.06107633106964919	0.5644548585422514	0.04759990127521187	0.23046228710462288	0.03928644093082101	3425
ec	kp_to_ec	tetracycline	3	2.0694071960512033	0.06413573376017605	1.6880554938370436	0.04292368900974263	0.4923861913234751	0.03130530630510023	0.7663825746966596	0.03545116803574879	0.705491814507586	0.0480475059541863	0.35553394911683683	0.074220062968108	2057
ec	kp_to_ec	tigecycline	3	2.0067631159847745	0.07424210220621838	1.8707299827019552	0.07283096487561515	-6.586619473571504	0.5668076796912176	0.16196708494293519	0.015313895585149373	0.19356098201274774	0.005563571759499482	0.13024459917871803	0.009522620574851119	3734
ec	kp_to_ec	tobramycin	3	1.2947689440321697	0.17158230401246002	1.0202590670822025	0.15388165702071346	0.25992622670505744	0.19133244539627192	0.614019204500989	0.06782165491795572	0.46112481583089976	0.03151785189309605	0.5839682013911891	0.059666539909626795	3019
ec	se_to_ec	amikacin	3	2.5342209776894324	0.14644317712468674	2.206104983499093	0.1945318797427221	-6.988259520766405	0.9355343703256271	0.1931142650386384	0.03777720356400198	0.1983781745320723	0.05175998159650449	0.2036775106082036	0.052497609263262024	4242
ec	se_to_ec	ampicillin	3	2.4341176553491928	0.16766736508882102	1.6342462872798518	0.16277901706107994	0.08826334580838213	0.12571113454678534	0.6241264607175849	0.011278376603643446	0.5509484736422033	0.022613393128334852	0.39902818270165213	0.024602913360578415	1715
ec	se_to_ec	aztreonam	3	2.8765208215838123	0.6777739837379941	2.385642543163712	0.6464416043698089	-1.1284659102180108	1.0330120541921048	0.5369603572841825	0.10975414792318533	0.557775071320465	0.05232204139565545	0.20740474478792234	0.09011539077998242	2782
ec	se_to_ec	cefepime	3	5.861508081975273	0.08962046581676737	5.4198939010004645	0.0669273319220136	-4.751255158077882	0.17563735578636225	0.41037566706954104	0.09727925167144567	0.43087905924833025	0.0813698575974622	0.014301430143014299	0.0011358952586859234	3333
ec	se_to_ec	cefmetazole	3	4.802129746963085	0.2543394609544687	4.209222139389027	0.3399478243905696	-4.342351158633076	0.5627337082737436	-0.2105565867990318	0.006309017945559901	-0.24056708609150812	0.021827030764270755	0.04560972279120573	0.04408519344705801	2441
ec	se_to_ec	cefotaxime	3	4.320437609907594	0.319697484208374	3.530899986382698	0.23306135708683018	0.1552156150904744	0.12721636585492105	0.5496543753243498	0.11964785178495901	0.6359641795506367	0.03943946410916928	0.1991499696417729	0.02276818457283941	5490
ec	se_to_ec	cefoxitin	3	1.5609984068967357	0.26587422905792846	1.1820208399185719	0.28981295528494183	-0.41647089934026726	0.495750997673313	0.503724630781967	0.0027620804606731902	0.2910396768733828	0.043943612625581455	0.5735546651402404	0.0635323357901349	1747
ec	se_to_ec	ceftazidime	3	2.454160822329214	0.15543475278882643	1.833171131118787	0.0921219863509311	0.3096598803132787	0.08878014693354201	0.6158505263452855	0.07935908032412688	0.6467870401071785	0.029125244529564377	0.38668003118387345	0.0021020810878914194	5986
ec	se_to_ec	ceftriaxone	3	3.511264674861838	1.0977759024644602	2.5736959678230815	1.0980684503371478	-0.06959590229660567	0.680400933956543	0.6964313746319775	0.11215206638765886	0.6720810580772177	0.04582841547297934	0.34679089026915105	0.14460860352399682	3220
ec	se_to_ec	cefuroxime	3	2.1281168057549293	0.21160667733689842	1.6347129316265676	0.1595197438272166	-0.653507900663516	0.3317612434489787	0.1353377547088849	0.029041345339884492	0.08592982852010918	0.05458138149386774	0.4664852832055404	0.0022669184738837176	4043
ec	se_to_ec	chloramphenicol	3	1.7131386464154226	0.4394426223995839	1.2254058478487686	0.42710220668081805	-2.0213252693365096	1.3978286610718533	0.20555961190341832	0.01864355479218735	0.17733651853158525	0.045312734196228076	0.5584476491968577	0.1610411029031274	2843
ec	se_to_ec	ciprofloxacin	3	3.2571063037721757	0.37817992226275277	2.408990893336886	0.3984364617476828	0.3157359326806127	0.15223362714894967	0.7706011186954443	0.02194948112626575	0.7644285928967717	0.010561379727886526	0.33338487706819236	0.10311907406885869	6467
ec	se_to_ec	imipenem	3	1.5706667590994405	0.2908901927627427	1.2020321868603157	0.3207850316029147	-0.29576190702613175	0.4929628112044871	0.20350128054365324	0.06431764816505266	0.21479860462752468	0.06497874633135041	0.5144979062969107	0.16562469472744798	4219
ec	se_to_ec	levofloxacin	3	3.1448248423190908	0.6584840355570429	2.695482525596269	0.7653649697569105	-0.8725105840669417	0.7193247400841628	0.8424844945158233	0.024737315164290428	0.7523056936455822	0.010023890289184455	0.22729486242999752	0.19648168426554521	2738
ec	se_to_ec	meropenem	3	3.0457599781144764	0.16882570980400763	2.751900844613859	0.1582471589616405	-1.0941587708069547	0.22950462103451866	0.055927697312490664	0.12923759341840074	0.01542549527701087	0.15153924242073263	0.07788104089219326	0.004602014276260211	5380
ec	se_to_ec	minocycline	3	3.710428022811479	0.10677064521153411	3.3642655017022087	0.09585653266993006	-7.0610748884748595	0.46688712302428986	0.45529773677540786	0.02143925365787359	0.4608480586919388	0.0184326807604629	0.0320194647201946	0.0006077856932748246	3425
ec	se_to_ec	tetracycline	3	2.0553508369172797	0.04393798813303709	1.683645017702254	0.05457509808772117	0.49942664647463236	0.021283799420507326	0.767342284921754	0.01576488528608492	0.6973359720444283	0.015368828488829598	0.22459893048128335	0.007259691066148819	2057
ec	se_to_ec	tigecycline	3	5.741403226602021	0.19240170287740374	5.480604199006545	0.1926396320639215	-61.08992028099405	4.197285093582912	0.1353479867156256	0.004590299971205004	0.16154781000370766	0.010706854479277429	0.0005356186395286	0.0	3734
ec	se_to_ec	tobramycin	3	2.7080803989946136	0.09348583647915283	2.26007997659779	0.07550862990285327	-2.202605482232086	0.22020937013607547	0.08015683880658231	0.03001217066138223	0.09155287130917227	0.00973295570190479	0.22877332450038637	0.026840978841673534	3019
kp	ec_to_kp	amikacin	3	1.9762153846883208	0.1462933110585949	1.513246390356791	0.14597121093454532	-0.24070594006812987	0.18344073964574176	0.37089613728253407	0.042218348430875116	0.24718910888667248	0.07291727329773921	0.44496855345911945	0.06554978038076788	3816
kp	ec_to_kp	aztreonam	3	1.842062117817288	0.07207602100265	1.4313241604866136	0.08630661169788685	-0.055136837385532635	0.08231211323552383	0.32087559054576636	0.07212261548705029	0.21922627969687228	0.10152941678047801	0.4561936594753368	0.06792885785803597	3291
kp	ec_to_kp	cefepime	3	2.1336308015239593	0.169706701472187	1.603600034819521	0.10277645346770636	-0.015847135132114668	0.16304826675705889	0.3077642625730044	0.10973124665315594	0.23545756040733465	0.1456996148835746	0.45382687487950646	0.08730993615428076	3458
kp	ec_to_kp	cefmetazole	3	2.6242908365061184	0.12424490117899806	2.0601450202346947	0.011252159147585856	0.09620987332627655	0.08658505552815868	0.4050946774857515	0.021556666689266982	0.30241006113424357	0.03061088216308537	0.327455919395466	0.06781153967743984	794
kp	ec_to_kp	cefotaxime	3	2.656044258126156	0.17145205732217636	1.8828370069177716	0.03255829042725113	-0.083053106987099	0.13922634045653004	0.3985923727924187	0.06496874968299757	0.29154403146692026	0.04443708376564741	0.37922820390662215	0.06418917076575213	2099
kp	ec_to_kp	cefoxitin	3	1.7036922549768319	0.10239294132879025	1.448856094037141	0.08417363402524244	-0.14809818464829763	0.13813525125331183	0.3407922777680498	0.10711364816111725	0.36070123496681533	0.13783384073982768	0.31173608638898775	0.0427321883945196	2809
kp	ec_to_kp	ceftazidime	3	2.599200209042855	0.09335331803354135	2.0970947465841054	0.2129350050065374	-0.48937678159420955	0.1078133633692424	0.4015064577951269	0.06796360850485067	0.366003573261583	0.11083393268659687	0.2680403408102938	0.11668271366683448	3834
kp	ec_to_kp	ceftriaxone	3	2.009967880402498	0.12022418129538312	1.3344444064639627	0.10118818411282607	-0.02221517997969767	0.12399729489169138	0.42300565464323675	0.056875130048166404	0.30302584802980176	0.09880269681579874	0.5727715877437326	0.09878950449453591	2872
kp	ec_to_kp	cefuroxime	3	2.2059947562542828	0.21958893491460957	1.9075738475892579	0.1513378961534346	-0.749763139148107	0.3531469061802013	0.29334387015043517	0.07441394989530654	0.3326327209673971	0.0686997481954542	0.2190782422293676	0.0215825658755959	3110
kp	ec_to_kp	ciprofloxacin	3	2.0470764290480976	0.24415252454514919	1.5670629883802247	0.25671569400429306	-0.1624590503887016	0.28410317903270127	0.4768564812102465	0.05413645181995484	0.4761862087011148	0.052907982834999714	0.41775264322596506	0.10292746988532131	4067
kp	ec_to_kp	imipenem	3	2.9934055835988946	0.3106796620793308	2.225281371498238	0.2844783554358932	-0.620099116347309	0.324823148538445	0.1887125541517649	0.14607809423694668	0.15514466610324662	0.22543313073917645	0.3834842730548252	0.08636241908732885	3423
kp	ec_to_kp	levofloxacin	3	1.5883808969152498	0.18873729560827646	1.2080373424567263	0.19345429282823717	0.32222798932856556	0.1645340700024615	0.6537134691512011	0.057073535732711955	0.5923537226542104	0.052318958452378724	0.5274798927613941	0.06339983061336607	2984
kp	ec_to_kp	meropenem	3	3.4040179028286524	0.21321436024023427	2.7062955240292763	0.16536338087738106	-0.16047836033167312	0.14258493746913217	0.3594003779975079	0.04785562626472437	0.33375685576517117	0.09975452936557935	0.26100037608123355	0.04593851895381319	5318
kp	ec_to_kp	minocycline	3	2.0600827417025624	0.017519489242470383	1.6312419388114971	0.01636990860332241	-0.7035205678151734	0.02899304553878972	0.3494587967756296	0.03989225049790554	0.36773820305347343	0.008746446660610618	0.39342495284289947	0.008491485452217064	1237
kp	ec_to_kp	tetracycline	3	2.025920872461828	0.43981733512698146	1.606074074312973	0.42480369055180417	-0.4740511846881185	0.6499720986102379	0.40590463270356736	0.09777234341810712	0.41621262999616276	0.10490963035388512	0.4078723074538974	0.1367346304939425	2151
kp	ec_to_kp	tigecycline	3	2.259775752839858	0.03709759514494882	1.9783512796935447	0.031205111599480022	-2.995211908921169	0.13058971486694765	-0.0420194074437058	0.022236678389042874	-0.039833660168174065	0.022484571025970297	0.19440279860069962	0.020355234237297678	2001
kp	ec_to_kp	tobramycin	3	1.7186860370838835	0.3473295925335401	1.3440631958627882	0.29651124639353177	-0.04723667578608327	0.4327213662020849	0.5381802431298507	0.06976690289031243	0.527736547768285	0.0735488994617462	0.4955518945634267	0.09298138770672477	3035
kp	se_plus_ec_to_kp	amikacin	3	2.071755577820677	0.15453160372525454	1.569043876483495	0.13932697271606395	-0.3636454444506327	0.19932557701603767	0.273368340167413	0.11098382405833049	0.1990607904031947	0.13935330556327047	0.43535988819007687	0.06571318314497025	3816
kp	se_plus_ec_to_kp	aztreonam	3	1.8439335257043166	0.07854307074918954	1.405471747770723	0.1010671453573063	-0.05748135313572441	0.09105155907732428	0.39353119613401355	0.03361478369344366	0.2992745805063464	0.02589573411256868	0.4774637901347108	0.0782047932683973	3291
kp	se_plus_ec_to_kp	cefepime	3	2.2001198028053253	0.10409735595206321	1.721643654737677	0.1399357458193529	-0.07721479232431556	0.10317235987147366	0.3362355986844632	0.0398608639223461	0.24625387319629113	0.04048576741036998	0.3947368421052631	0.07744585508318727	3458
kp	se_plus_ec_to_kp	cefmetazole	3	2.6095883802802633	0.09696671904703989	2.0861970156769005	0.060304023146738724	0.1068204560582523	0.06617193708996107	0.3786755204001444	0.05898015848206126	0.29947528956910974	0.02523073674296656	0.30940386230058775	0.029706195752031032	794
kp	se_plus_ec_to_kp	cefotaxime	3	2.9355592394626773	0.014200899963837188	2.1359616124915832	0.08348933612065186	-0.319358555194211	0.012753550958772383	0.4832955315875284	0.06358048339988982	0.26217772010970286	0.06235011513040615	0.35032555185008735	0.03556363180496429	2099
kp	se_plus_ec_to_kp	cefoxitin	3	2.1403922712876304	0.1771498474132615	1.7352089702312077	0.14610118902557012	-0.8160078226204083	0.30580105987273953	0.2385901808344871	0.07680899591094698	0.24661834559715387	0.10100727321591252	0.33807998101340925	0.019866932117644235	2809
kp	se_plus_ec_to_kp	ceftazidime	3	2.6343940860592006	0.1589863334182213	1.9879736047856078	0.19862830738973966	-0.5323801113534443	0.18566945935322404	0.4414174774549781	0.08283488683442707	0.38691190907404494	0.08082330231978424	0.34941749260998084	0.08269416218296423	3834
kp	se_plus_ec_to_kp	ceftriaxone	3	2.4029993590534295	0.1229957301649757	1.6032212045797758	0.15003973351303404	-0.46014046550639937	0.14721442512890506	0.5292815780832848	0.04508974098399387	0.2175888078533481	0.055253418370433745	0.5421309192200557	0.11097578335298809	2872
kp	se_plus_ec_to_kp	cefuroxime	3	2.1139101742032094	0.1943393218390488	1.8162696880415192	0.2338605129330531	-0.6051815004354545	0.29905364314970906	0.3143456435220973	0.03028700260423135	0.3405798705441754	0.023764268905591444	0.2646302250803858	0.08503531408902036	3110
kp	se_plus_ec_to_kp	ciprofloxacin	3	2.484862271704905	0.04618086847392939	1.8666791500624902	0.036102456035857926	-0.6971296113509878	0.06273040135814296	0.5467343137239892	0.0033108836119226702	0.5065918038715461	0.020917517692765335	0.3921809687730515	0.021900022182596984	4067
kp	se_plus_ec_to_kp	imipenem	3	3.2209821044958633	0.25926624764095335	2.464610835762413	0.21476721738374002	-0.8704722941061017	0.2962015345149603	0.2102916701937121	0.1774563158918033	0.21983169976920505	0.21054204500612847	0.3257376570260006	0.03114698622947741	3423
kp	se_plus_ec_to_kp	levofloxacin	3	1.6160565546360555	0.08233739084453774	1.1695390406653112	0.08779358654052846	0.30374297908049236	0.07104535445975686	0.6890651762106419	0.01594935405774829	0.6371681517601617	0.009660010693929506	0.5519436997319035	0.05404800968867459	2984
kp	se_plus_ec_to_kp	meropenem	3	3.963450296646984	0.36788250612019535	3.1655874063995335	0.27799592258949085	-0.5781672986171569	0.2887834134304578	0.3519849898067477	0.11169651062475007	0.3377445820523836	0.16979265259660684	0.18860473862354266	0.01301561675868539	5318
kp	se_plus_ec_to_kp	minocycline	3	1.9827206925568828	0.18790681929214198	1.5384991244826798	0.16538694507098411	-0.5873508449227199	0.30453216648972065	0.3821026816064425	0.06100423567432002	0.3983057238693653	0.05347366002005214	0.431959040689841	0.07252876067875973	1237
kp	se_plus_ec_to_kp	tetracycline	3	1.6441615268777008	0.02676780780426426	1.3023381547818491	0.03418281776623008	0.05854907602314854	0.030526286103433525	0.5147208093287707	0.042737241959272275	0.5106161113219234	0.046278614836351616	0.46118084611808463	0.024875410918961886	2151
kp	se_plus_ec_to_kp	tigecycline	3	2.3403601345045426	0.1620982146015115	2.0538354349021173	0.16194527430228714	-3.298166336822986	0.5956357981297442	-0.0387787027690391	0.02738027187838309	-0.04109175239311726	0.018510450744702193	0.1875728802265533	0.031138617140979683	2001
kp	se_plus_ec_to_kp	tobramycin	3	1.8811542723210142	0.23980580968580248	1.4446332019020869	0.23646830632252216	-0.23456483071438972	0.29997776249210706	0.5125542558854314	0.031086948325509987	0.49496575412335614	0.048421048288437664	0.4824821526633718	0.1040275149027996	3035
kp	se_to_kp	amikacin	3	2.36688215236752	0.3955375001671712	1.8341890025075596	0.34875087078130085	-0.8062637006585475	0.6140449990194261	0.1666533277221988	0.03100855888975517	0.18681721248052688	0.06075382752958294	0.3611111111111111	0.06630393338121308	3816
kp	se_to_kp	aztreonam	3	2.8261672776258666	0.49963151811788165	2.231613703665597	0.5593510103176239	-1.5328465039407633	0.9215714606180375	0.25899373617267524	0.03555033889450572	0.15398351865707519	0.03352786682135288	0.3415375265876633	0.146538192887388	3291
kp	se_to_kp	cefepime	3	3.508446374261188	0.12514255483989317	2.7368622884766225	0.11088608401483664	-1.737536167055878	0.19342024589498613	0.1675697402949121	0.02692236639169726	0.11903962972538196	0.026163054127773224	0.28253325621746667	0.023221353267651557	3458
kp	se_to_kp	cefmetazole	3	3.1473060303046716	0.1908926265650874	2.625401244449525	0.20050243406787385	-0.3011786474480152	0.1600920916692363	-0.07597260253964176	0.07106382922169191	-0.08919543835329875	0.04679409591404786	0.20822837951301423	0.023370555264008046	794
kp	se_to_kp	cefotaxime	3	4.725168022437619	0.11062600212384585	3.897292751378155	0.1269366992914275	-2.419538882814014	0.16039468894098277	0.4122439848482032	0.0153491653390286	0.3907784631066018	0.010646707613049266	0.16595204065427982	0.025238130916547818	2099
kp	se_to_kp	cefoxitin	3	2.618286567784311	0.20009457787794502	2.1698558372479115	0.1800323205898291	-1.715652528469116	0.4116449365633726	0.03955520165892396	0.08475911725529049	0.011233951028983233	0.10490226393014808	0.2929868280526878	0.004330909597933939	2809
kp	se_to_kp	ceftazidime	3	3.092562955709886	0.43425810814302557	2.4116534038920197	0.460432654514134	-1.1343251516256947	0.6153339629004182	0.28681159863995354	0.020538542460305502	0.20762390153957877	0.025082271186307795	0.32837767344809593	0.10655809997563293	3834
kp	se_to_kp	ceftriaxone	3	4.3944521539363635	0.16870245856979604	3.3091177917920063	0.3258501470099151	-3.87938903119962	0.3701825328666719	0.37315389879879574	0.018369157004120052	0.2560171347077341	0.032232626126927635	0.28040854224698236	0.10887662719998836	2872
kp	se_to_kp	cefuroxime	3	3.3916685829506386	0.38843484447664106	2.959677622603834	0.43576280490049185	-3.1449449465713655	0.9140133300600015	0.09666338558346131	0.022428814378900607	0.06521480007981946	0.032256558023092075	0.13472668810289382	0.048692332337455804	3110
kp	se_to_kp	ciprofloxacin	3	2.997298024030377	0.23541524029730135	2.3384434025987777	0.22765226502259578	-1.4788637319506879	0.38630561800147994	0.6127350558295023	0.017567986263066365	0.5771273584480645	0.02814585894952767	0.3012048192771084	0.030693849754613308	4067
kp	se_to_kp	imipenem	3	4.256375582716022	0.49800081426901155	3.624945275378862	0.5187108686411298	-2.2819212820442103	0.735342733692993	0.2467885539861061	0.2136122796000185	0.26189303146603765	0.228162223220752	0.07449605609114802	0.035759586694323664	3423
kp	se_to_kp	levofloxacin	3	3.0827570057617932	0.29421784664305706	2.4255851911908555	0.3490683546970139	-1.5445642297744833	0.4914565307857138	0.7367773326920509	0.00645473957678719	0.6978763765824562	0.022600442471714575	0.3051831992850759	0.1094436160662976	2984
kp	se_to_kp	meropenem	3	5.701758786545572	0.21151798451788212	4.839915169470438	0.19133254651063877	-2.2503856908682702	0.2428209317632805	0.18502198379747656	0.1833509199433719	0.19186667006323208	0.23844609692127694	0.14247210730851192	0.00722510028953542	5318
kp	se_to_kp	minocycline	3	2.620883753059367	0.08470902343413766	2.2784136402674426	0.08271992989109518	-1.7590208285517195	0.17656046814091547	0.30856249716412315	0.0170214208142995	0.3311164029234917	0.02083191796307042	0.19159256265157634	0.015102297245165255	1237
kp	se_to_kp	tetracycline	3	2.0846612017627937	0.043078830386312994	1.780679100431362	0.028632488830190785	-0.5136538694971635	0.06287446346593542	0.39936134461912426	0.037600664061254875	0.40815990727114254	0.05496633785139943	0.2773903610723694	0.04006330829171565	2151
kp	se_to_kp	tigecycline	3	4.485854831421243	0.048671451134502844	4.205979542435953	0.0387273425902381	-14.741844644781702	0.34260428251350106	0.08269182094287124	0.006542806672144705	0.07125785771544434	0.008918971329702262	0.02265533899716803	0.006894620052165584	2001
kp	se_to_kp	tobramycin	3	3.5655986583992267	1.070385356397302	3.2419168625360393	1.097473802440137	-3.651452217205057	2.568954532037642	0.33498037566458577	0.022150208651063187	0.32779641175488866	0.03945671616610056	0.11488193300384399	0.12037201825402892	3035
se	ec_to_se	ampicillin	3	2.759195247170442	0.06091724535112474	2.197932293606901	0.08378021126118916	0.09941358462552434	0.03961977604620685	0.7159559545455082	0.008930107750827638	0.6154594724815405	0.015410639192557876	0.25053291536050154	0.03782450908712393	7975
se	ec_to_se	cefoxitin	3	1.304536514717326	0.015366208400609689	1.0894099583237573	0.011353541519731248	0.31311436290591654	0.016125215052204336	0.8249818966657098	0.011528536092775033	0.3808804158093801	0.013438635416619918	0.425139199438818	0.033268105999299816	7603
se	ec_to_se	ceftazidime	3	2.4294120762099003	0.10114318541109721	1.8531961985726475	0.036390200868033434	0.21480748566594032	0.06458483554289365	0.6198222877368486	0.03240676793352406	0.5499962624711331	0.020831746861393857	0.31972789115646255	0.045284105291477424	588
se	ec_to_se	ceftriaxone	3	2.599202402806109	0.03434537889940334	1.9477616402027629	0.04442792461544117	0.048389115333905906	0.02513856745241652	0.712260344602912	0.013103990960756507	0.5136953044782624	0.00955025458654557	0.2164316884860691	0.0320691592320333	7944
se	ec_to_se	chloramphenicol	3	1.2220413806948909	0.09177223554829787	0.8491118091488211	0.09034986741638219	0.06356817389120366	0.14315536115319696	0.47358902219759363	0.06382573105168687	0.14934602279178846	0.0147624537092347	0.5984965635738831	0.029621614400270682	7760
se	ec_to_se	ciprofloxacin	3	2.4131137058964005	0.07216656443776347	2.106202108592898	0.0894634473783749	-0.10840322993306728	0.06570747377756864	0.5078351328409219	0.008615956566724614	0.17688455213647514	0.01277045566642362	0.16815230549136126	0.03487458442228469	9087
se	ec_to_se	meropenem	3	2.310152637927634	0.09336445631928061	1.9107401075080421	0.06702574615703967	-16.34057761227201	1.4096518805148552	-0.1371011264278135	0.031785140268811636	-0.05362754449955196	0.012274782876182439	0.25192307692307686	0.02026087260163988	520
se	ec_to_se	tetracycline	3	1.4407546111417986	0.04391766307148063	1.1306916589720024	0.046661678820297633	0.48187104035214173	0.03170706644480768	0.8873762119352978	0.006842239671490885	0.8011861274993769	0.00534855356861222	0.3667704818755948	0.055370223513872885	7706
se	kp_plus_ec_to_se	ampicillin	3	2.765460958081389	0.03782104371781525	2.1850493063074663	0.03195075547895502	0.09549986774493541	0.024808748870868834	0.7130881823679808	0.010822869326191595	0.6194849645322994	0.009786796090108952	0.2598537095088819	0.03374190370179589	7975
se	kp_plus_ec_to_se	cefoxitin	3	1.3036988294047072	0.03749198419688102	1.08318855946556	0.028727587312356487	0.31368147421561976	0.03935725330781669	0.819075774171265	0.004744538733240908	0.37947160159996	0.011895974108927808	0.45617957823666094	0.01129933795105963	7603
se	kp_plus_ec_to_se	ceftazidime	3	2.3654314196100708	0.25294053666657773	1.7331612422352745	0.20044131192649361	0.25081164791091554	0.16284298377554796	0.6404970940891351	0.0863796492484475	0.5858284812772038	0.07997154802743237	0.373015873015873	0.04765952280495168	588
se	kp_plus_ec_to_se	ceftriaxone	3	2.672107169449351	0.16852233117690427	1.9328493842015373	0.11338054609871379	-0.008292339319287962	0.12530931261185535	0.6877054498808763	0.039006506136092085	0.5212321532722098	0.024141070317113378	0.24076871433366898	0.039373314004257975	7944
se	kp_plus_ec_to_se	chloramphenicol	3	1.1802506436995255	0.059679671977088414	0.829823535537392	0.08411509445869324	0.1283087106556479	0.08714778778350316	0.549656407720637	0.020455512065160924	0.1936267186992406	0.031476747060505246	0.6115120274914089	0.047600471668954654	7760
se	kp_plus_ec_to_se	ciprofloxacin	3	2.515561465292554	0.06256673155373087	2.1970664508076934	0.06922509099118355	-0.2042933181148331	0.060223595197994306	0.5017796642604672	0.012591197500386777	0.1728502511025256	0.01668864387210653	0.1626499394739738	0.0143175750753749	9087
se	kp_plus_ec_to_se	meropenem	3	2.4733281473703594	0.042834579590379014	1.9929876635471981	0.059637699713879985	-18.85911406366466	0.687945316016228	-0.059586678804584535	0.027269318406643255	-0.0650134313827786	0.014119992579408448	0.2397435897435897	0.014687742612037924	520
se	kp_plus_ec_to_se	tetracycline	3	1.4059587976291448	0.023732798531266038	1.087662878870005	0.014208438923536123	0.5068073822229732	0.016576758232152895	0.8879358880072731	0.014885384358922267	0.8007295076880213	0.007163927099865325	0.5573579029327796	0.13546119592693237	7706
se	kp_to_se	ampicillin	3	2.4141677950522986	0.1202970636210971	1.706768601887403	0.017740735839577654	0.3096447514372334	0.06952806514917421	0.6079389924007084	0.03621069557831361	0.4551133685944069	0.033962916853230884	0.5103866248693835	0.15501928841088705	7975
se	kp_to_se	cefoxitin	3	1.8650223112127258	0.15144152002598704	1.6804167625230815	0.13625354548567667	-0.4099532264949621	0.22755725347777714	0.6376835690151198	0.12407916614038363	0.3809172111283499	0.033527406702476885	0.1955806918321715	0.03992251585549197	7603
se	kp_to_se	ceftazidime	3	2.7364899644442677	0.10088895979393185	2.1396318114533717	0.14037292919592176	0.004013814582846602	0.07400088125330208	0.45368685579642776	0.021095624933052944	0.39648712498337507	0.005096287157038875	0.2403628117913832	0.08832628890504457	588
se	kp_to_se	ceftriaxone	3	3.0113974077371903	0.16306673392295506	2.5520308328409174	0.20296969016847147	-0.27971401876882623	0.13623578193085698	0.7409713310825112	0.011694206490230676	0.46787731403465277	0.030230326467771275	0.03826787512588113	0.012775543259179515	7944
se	kp_to_se	chloramphenicol	3	2.07004701260299	0.17694470710992657	1.8201407292659342	0.16767912903772217	-1.6899568809720826	0.45436290923205896	0.34711571169025773	0.0435132957570393	0.1337606134025108	0.03546591173329094	0.19132302405498272	0.0297120164244312	7760
se	kp_to_se	ciprofloxacin	3	4.605840510379715	0.04486590182633134	4.341340330814975	0.04429931700198313	-3.03579040756971	0.07854399758821357	0.4883689878616588	0.0265499740383277	0.25274800632448985	0.041831904171383175	0.07057701478302329	0.007966341659420138	9087
se	kp_to_se	meropenem	3	3.3434839446841544	0.09923679478690621	2.7446976938881935	0.164147008063591	-35.304714613765704	2.1701889178922875	0.05830371764281727	0.023838003415104267	-0.004138725159070632	0.024889934585445445	0.1858974358974359	0.10700905047531818	520
se	kp_to_se	tetracycline	3	1.632937756841833	0.2548847794726149	1.1205868231238496	0.189772280280752	0.32403287459485197	0.207789162661533	0.7654169526450622	0.06697554056856538	0.7353102396858214	0.08221645617709157	0.6464227009256857	0.0118206202155551	7706
