bidirectional_macro_mae_mean	bidirectional_macro_mae_sd	bidirectional_macro_one_tier_accuracy_mean	bidirectional_macro_one_tier_accuracy_sd	bidirectional_macro_pearson_mean	bidirectional_macro_pearson_sd	bidirectional_macro_r2_mean	bidirectional_macro_r2_sd	bidirectional_macro_rmse_mean	bidirectional_macro_rmse_sd	bidirectional_macro_spearman_mean	bidirectional_macro_spearman_sd	bidirectional_pooled_mae_mean	bidirectional_pooled_mae_sd	bidirectional_pooled_one_tier_accuracy_mean	bidirectional_pooled_one_tier_accuracy_sd	bidirectional_pooled_pearson_mean	bidirectional_pooled_pearson_sd	bidirectional_pooled_r2_mean	bidirectional_pooled_r2_sd	bidirectional_pooled_rmse_mean	bidirectional_pooled_rmse_sd	bidirectional_pooled_spearman_mean	bidirectional_pooled_spearman_sd	configuration_id	corrective_analysis_stage	corrective_genome_variant	cross_modal_architecture	drug_representation	drug_representation_registry	drug_view_fusion_method	drug_view_low_rank	genome_representation	genome_representation_registry	low_rank_interaction_rank	model_parameter_count	outer_target_code	outer_target_code_registry	parameter_count	provisional_rank	seed_count	selection_eligible	selection_rank	shared_hp_id	worst_direction_macro_rmse_mean	worst_direction_macro_rmse_sd	candidate_id
2.9773403910203	0.10219320819771029	0.22106408613036832	0.018408681259651952	0.35738445845260697	0.04047140011999143	-5.557836860515227	1.1385866421185324	3.5708208038326585	0.09676505668288099	0.297098061509301	0.026313943807145624	3.0733879209080666	0.05201205382738869	0.21646363714181627	0.02350440219931656	0.630470265343247	0.028027712950198312	-0.43968346439040057	0.05519872978710804	3.8966472428169645	0.02054388898247087	0.6017470154312204	0.040229026620858456	outer_ec__corrective_drug_screen__separate_encoder_low_rank_kmer_plus_AMR__RDKit	corrective_drug_representation_screen_v2	separate_encoder_low_rank_kmer_plus_AMR	projected_concatenation_MLP	RDKit	RDKit	single_view	0	outer_ec__final_separate_encoder_low_rank_kmer_plus_AMR__corrective_hp_03_wide_regularised__rank_8	outer_ec__final_separate_encoder_low_rank_kmer_plus_AMR__corrective_hp_03_wide_regularised__rank_8	8	221953	ec	ec	221953	1	3	YES	1	corrective_hp_03_wide_regularised	3.751697505818736	0.1282003060002585	RDKit__single_view
3.000177539534325	0.11813154911210051	0.21232398575289277	0.01101781169921159	0.3610850794929954	0.02399414651758526	-6.4937921221897215	0.5529997541408175	3.5754892948709416	0.10679895046473063	0.2937245414871021	0.00463944159187021	3.034888577801322	0.10023012945669012	0.21826730426696564	0.018084912021600227	0.6422539350624129	0.05241338029047571	-0.44358981290459026	0.06417183605195435	3.8231548179551305	0.11274666042436997	0.6115037192898003	0.066884407109041	outer_ec__corrective_drug_screen__separate_encoder_low_rank_kmer_plus_AMR__Morgan	corrective_drug_representation_screen_v2	separate_encoder_low_rank_kmer_plus_AMR	projected_concatenation_MLP	Morgan	Morgan	single_view	0	outer_ec__final_separate_encoder_low_rank_kmer_plus_AMR__corrective_hp_03_wide_regularised__rank_8	outer_ec__final_separate_encoder_low_rank_kmer_plus_AMR__corrective_hp_03_wide_regularised__rank_8	8	609985	ec	ec	609985	2	3	YES	2	corrective_hp_03_wide_regularised	3.8489165837950456	0.09328166659977104	Morgan__single_view
3.091277175409722	0.14238450219798665	0.1993826630480796	0.03566625055693988	0.34142151338381693	0.07228430009177417	-6.328257666516902	2.077075805164361	3.64949415854762	0.12732400931390095	0.2875377784225908	0.06611432346756373	3.1474300290146324	0.1293721564850138	0.20324799567545684	0.044870021360746346	0.6071572351595854	0.022558695619102363	-0.4763402811728021	0.14328673836740438	3.965974219749882	0.049900740008020666	0.5790978901777122	0.026542351554985785	outer_ec__corrective_drug_screen__separate_encoder_low_rank_kmer_plus_AMR__ChemBERTa_first_token_ablation	corrective_drug_representation_screen_v2	separate_encoder_low_rank_kmer_plus_AMR	projected_concatenation_MLP	ChemBERTa_first_token_ablation	ChemBERTa_first_token_ablation	single_view	0	outer_ec__final_separate_encoder_low_rank_kmer_plus_AMR__corrective_hp_03_wide_regularised__rank_8	outer_ec__final_separate_encoder_low_rank_kmer_plus_AMR__corrective_hp_03_wide_regularised__rank_8	8	290497	ec	ec	290497	3	3	YES	3	corrective_hp_03_wide_regularised	3.89719044713465	0.2970665142384369	ChemBERTa_first_token_ablation__single_view
3.0951009618779177	0.13217425291900184	0.20391850827775712	0.02851412903530346	0.3413154447357795	0.03221811540242007	-7.022417432828739	0.9529445944801032	3.676316983552901	0.10828406551060797	0.2701164101424685	0.019534457567360552	3.116600006495442	0.09932586860659759	0.2115114289964464	0.029829498896481437	0.6050137133890852	0.018275823429840778	-0.4486266327655806	0.05571810430025075	3.951593864207824	0.07973573839158338	0.5710026590741408	0.034609114502673094	outer_ec__corrective_drug_view_fusion__ChemBERTa_mean_plus_Morgan__separate_encoder_low_rank		separate_encoder_low_rank_kmer_plus_AMR	projected_concatenation_MLP	ChemBERTa_mean_plus_Morgan		separate_encoder_low_rank	16	outer_ec__final_separate_encoder_low_rank_kmer_plus_AMR__corrective_hp_03_wide_regularised__rank_8		8	763969	ec		763969	1	3	YES	4	corrective_hp_03_wide_regularised	3.7044143107703085	0.10946748651246936	ChemBERTa_mean_plus_Morgan__separate_encoder_low_rank
3.1104006592523397	0.09364600095233819	0.20288237419710106	0.0198601974953669	0.3457846342007583	0.018710943558761545	-7.033636142110499	0.7922297258676567	3.678867968017515	0.12077199499374183	0.28227808755665545	0.010659916397025853	3.1496451020540053	0.0855996040479859	0.20830209738089586	0.022951182119532586	0.6433802439763986	0.02949753561023656	-0.4592793352405326	0.0912791611815383	3.9671763611415845	0.09701811282688294	0.6112696669244658	0.031302969243030346	outer_ec__corrective_drug_screen__separate_encoder_low_rank_kmer_plus_AMR__ChemBERTa_mean_plus_Morgan_plus_RDKit	corrective_drug_representation_screen_v2	separate_encoder_low_rank_kmer_plus_AMR	projected_concatenation_MLP	ChemBERTa_mean_plus_Morgan_plus_RDKit	ChemBERTa_mean_plus_Morgan_plus_RDKit	raw_single_encoder_concatenation	0	outer_ec__final_separate_encoder_low_rank_kmer_plus_AMR__corrective_hp_03_wide_regularised__rank_8	outer_ec__final_separate_encoder_low_rank_kmer_plus_AMR__corrective_hp_03_wide_regularised__rank_8	8	688897	ec	ec	688897	4	3	YES	5	corrective_hp_03_wide_regularised	3.7893199966064888	0.11514022775373231	ChemBERTa_mean_plus_Morgan_plus_RDKit__raw_single_encoder_concatenation
3.101134436905419	0.1469615585664698	0.20743872083573178	0.024892658014816643	0.3420119955829348	0.003365458179225665	-6.611028465522465	1.1765349566325738	3.687812571312505	0.145517637668961	0.2777204889111607	0.008968049310463274	3.14148095527459	0.10978876449505688	0.2129747115365165	0.02595959478070092	0.6079135268652797	0.010560966608060721	-0.47175530626108597	0.06853180716065288	3.9857987257101772	0.130573780157652	0.5735138956072172	0.024254683688119342	outer_ec__corrective_drug_view_fusion__ChemBERTa_mean_plus_Morgan__separate_encoder_projected		separate_encoder_low_rank_kmer_plus_AMR	projected_concatenation_MLP	ChemBERTa_mean_plus_Morgan		separate_encoder_projected	0	outer_ec__final_separate_encoder_low_rank_kmer_plus_AMR__corrective_hp_03_wide_regularised__rank_8		8	759169	ec		759169	2	3	YES	6	corrective_hp_03_wide_regularised	3.7718547139020515	0.16754298392133687	ChemBERTa_mean_plus_Morgan__separate_encoder_projected
3.1297022354184705	0.2163430894938957	0.20869837088939433	0.015135966582798558	0.34900556810206745	0.02367121873384928	-7.193030073330458	1.2416251662613342	3.7188627968756784	0.21362148190960795	0.2873393600121269	0.005469173361453132	3.153966760052682	0.16390735712894006	0.21864964134796183	0.019688861729218594	0.5993401821620857	0.006341374942993138	-0.48246974763403033	0.1084166953636165	4.026469620182168	0.14755734591458947	0.5660446027059906	0.01945792327026798	outer_ec__corrective_drug_view_fusion__ChemBERTa_mean_plus_Morgan_plus_RDKit__separate_encoder_low_rank		separate_encoder_low_rank_kmer_plus_AMR	projected_concatenation_MLP	ChemBERTa_mean_plus_Morgan_plus_RDKit		separate_encoder_low_rank	16	outer_ec__final_separate_encoder_low_rank_kmer_plus_AMR__corrective_hp_03_wide_regularised__rank_8		8	811489	ec		811489	3	3	YES	7	corrective_hp_03_wide_regularised	3.7778063159823536	0.24052488445611794	ChemBERTa_mean_plus_Morgan_plus_RDKit__separate_encoder_low_rank
3.154127688130798	0.21331438493467794	0.2080030642428158	0.031055584868381964	0.34625342346449556	0.022346154153002236	-7.045339042098386	1.9993658718639793	3.720808119407144	0.18433626363470854	0.278389155250072	0.003078480267248799	3.190263092230266	0.19835881251536083	0.21393219874105737	0.028390889661401138	0.5982239389061396	0.05213776742370934	-0.5299726052245792	0.10471686464341264	4.022220197846463	0.222224300169815	0.5610788233968727	0.0719833099055662	outer_ec__corrective_drug_screen__separate_encoder_low_rank_kmer_plus_AMR__ChemBERTa_mean	corrective_drug_representation_screen_v2	separate_encoder_low_rank_kmer_plus_AMR	projected_concatenation_MLP	ChemBERTa_mean	ChemBERTa_mean	single_view	0	outer_ec__final_separate_encoder_low_rank_kmer_plus_AMR__corrective_hp_03_wide_regularised__rank_8	outer_ec__final_separate_encoder_low_rank_kmer_plus_AMR__corrective_hp_03_wide_regularised__rank_8	8	290497	ec	ec	290497	6	3	YES	8	corrective_hp_03_wide_regularised	3.901656511049507	0.08686606369545848	ChemBERTa_mean__single_view
3.1630540659677013	0.1111419734700865	0.19370954326524825	0.01988590870628185	0.34428252289128247	0.02439368880723205	-6.600363021544557	0.584566952355281	3.728431169850572	0.11403289071524622	0.2835000581661618	0.010725689030954744	3.2335014121641508	0.09637902417197944	0.19814883283855914	0.024644743869285276	0.5968566399416023	0.011411115250624807	-0.5253485529875636	0.05490412643876145	4.092301132583988	0.09817731925014182	0.5564100489514928	0.014862210694385475	outer_ec__corrective_drug_view_fusion__ChemBERTa_mean_plus_Morgan_plus_RDKit__separate_encoder_projected		separate_encoder_low_rank_kmer_plus_AMR	projected_concatenation_MLP	ChemBERTa_mean_plus_Morgan_plus_RDKit		separate_encoder_projected	0	outer_ec__final_separate_encoder_low_rank_kmer_plus_AMR__corrective_hp_03_wide_regularised__rank_8		8	802081	ec		802081	4	3	YES	9	corrective_hp_03_wide_regularised	3.8002688615148785	0.1290766656936504	ChemBERTa_mean_plus_Morgan_plus_RDKit__separate_encoder_projected
3.214116064235723	0.2765950505332277	0.1974041822301443	0.039291873308627594	0.33956353048646454	0.02239682481151507	-7.262479196774951	1.309678929326971	3.7654423020316847	0.2526418002185533	0.28580186537297597	0.007603746006018021	3.2229540392855416	0.22679049833639978	0.20746417772484996	0.03974439526399657	0.6052924324806273	0.03910630726340796	-0.5564860383597786	0.18587235194728047	4.05301314457416	0.20742038342123473	0.5706571046362664	0.04392567900768462	outer_ec__corrective_drug_screen__separate_encoder_low_rank_kmer_plus_AMR__ChemBERTa_mean_plus_Morgan	corrective_drug_representation_screen_v2	separate_encoder_low_rank_kmer_plus_AMR	projected_concatenation_MLP	ChemBERTa_mean_plus_Morgan	ChemBERTa_mean_plus_Morgan	raw_single_encoder_concatenation	0	outer_ec__final_separate_encoder_low_rank_kmer_plus_AMR__corrective_hp_03_wide_regularised__rank_8	outer_ec__final_separate_encoder_low_rank_kmer_plus_AMR__corrective_hp_03_wide_regularised__rank_8	8	683713	ec	ec	683713	7	3	YES	10	corrective_hp_03_wide_regularised	3.94413460839654	0.29803399931143054	ChemBERTa_mean_plus_Morgan__raw_single_encoder_concatenation
3.1185550645679014	0.1582137930739948	0.23718016192272426	0.01787209228150775	0.3402577082842065	0.026176672431873386	-6.79231507995777	1.3012962933498913	3.710061604927071	0.14875984607625875	0.28404985194958593	0.0178554158124165	3.151692905898654	0.11341756607363344	0.23777628027373585	0.022464258223679503	0.646128361307151	0.014486336944815803	-0.48957186557102733	0.08261315590248824	3.9915522005418445	0.10281539631928209	0.6096845577959688	0.013379482903413778	outer_ec__corrective_drug_screen__separate_encoder_low_rank_kmer_plus_AMR__identity_seen_drug_control	corrective_drug_representation_screen_v2	separate_encoder_low_rank_kmer_plus_AMR	projected_concatenation_MLP	identity_seen_drug_control	identity_seen_drug_control	single_view	0	outer_ec__final_separate_encoder_low_rank_kmer_plus_AMR__corrective_hp_03_wide_regularised__rank_8	outer_ec__final_separate_encoder_low_rank_kmer_plus_AMR__corrective_hp_03_wide_regularised__rank_8	8	220417	ec	ec	220417	5	3	NO		corrective_hp_03_wide_regularised	3.91417985127382	0.1984071523960849	identity_seen_drug_control__single_view
1.7417597708825163	0.03085704154810597	0.3615823767786978	0.01549265781059745	0.5657991778374462	0.00016411180333947487	-1.4530683875946782	0.05724013425724852	2.26736323201934	0.03506560728813658	0.4616163472682255	0.0015815548795676056	1.7977652675740925	0.03414560494340235	0.3501871995281476	0.019107568195600194	0.8342713037566089	0.005493075786371467	0.5940884499642466	0.01340216586628548	2.4046487258967564	0.0432354197709307	0.8322200027334453	0.0046602107792990425	outer_kp__corrective_drug_screen__common_AMR_only__ChemBERTa_mean_plus_Morgan_plus_RDKit	corrective_drug_representation_screen_v2	common_AMR_only	projected_concatenation_MLP	ChemBERTa_mean_plus_Morgan_plus_RDKit	ChemBERTa_mean_plus_Morgan_plus_RDKit	raw_single_encoder_concatenation	0	outer_kp__final_common_AMR_only__corrective_hp_03_wide_regularised	outer_kp__final_common_AMR_only__corrective_hp_03_wide_regularised	0	584641	kp	kp	584641	1	3	YES	1	corrective_hp_03_wide_regularised	2.387578467599396	0.02654736261662108	ChemBERTa_mean_plus_Morgan_plus_RDKit__raw_single_encoder_concatenation
1.7541612891453202	0.013427894667878177	0.3634114280440532	0.0024686577947489047	0.5637142995277644	0.003031207233343842	-1.7020492989603706	0.0862433773716659	2.274986459540031	0.014267864789010985	0.4653925731864034	0.003949303896495779	1.7968501233556802	0.01131351654548082	0.35496316595423166	0.008135325921746518	0.8340884327347043	0.004874010413324106	0.5959320591519455	0.009096173762765803	2.3988146474245826	0.030185172283985654	0.8325663832351804	0.0026127309548189216	outer_kp__corrective_drug_view_fusion__ChemBERTa_mean_plus_Morgan_plus_RDKit__separate_encoder_low_rank		common_AMR_only	projected_concatenation_MLP	ChemBERTa_mean_plus_Morgan_plus_RDKit		separate_encoder_low_rank	16	outer_kp__final_common_AMR_only__corrective_hp_03_wide_regularised		0	707233	kp		707233	1	3	YES	2	corrective_hp_03_wide_regularised	2.390778938436833	0.01998871260900613	ChemBERTa_mean_plus_Morgan_plus_RDKit__separate_encoder_low_rank
1.7583805976793794	0.03274443944868475	0.36001588033188897	0.007766566289751778	0.5649675932982884	0.004863236488212393	-1.5791692452569623	0.16481547600591054	2.280030890528704	0.035410141694610334	0.4619734195840756	0.0035293454175766587	1.809114179613563	0.03143841600304951	0.3519441961208732	0.008354335213622232	0.833509840529476	0.006815612353721683	0.5900045243982105	0.013664884683834703	2.415912359613353	0.04384892623996702	0.8324727759791379	0.005197222577515091	outer_kp__corrective_drug_view_fusion__ChemBERTa_mean_plus_Morgan_plus_RDKit__separate_encoder_projected		common_AMR_only	projected_concatenation_MLP	ChemBERTa_mean_plus_Morgan_plus_RDKit		separate_encoder_projected	0	outer_kp__final_common_AMR_only__corrective_hp_03_wide_regularised		0	697825	kp		697825	2	3	YES	3	corrective_hp_03_wide_regularised	2.4070374512745665	0.03501616321969152	ChemBERTa_mean_plus_Morgan_plus_RDKit__separate_encoder_projected
1.7554653743492137	0.025459535280303303	0.3522308046078033	0.009204059809415278	0.5639872052416915	0.004350310475059758	-1.4812001312330743	0.2597432315494503	2.2812496497136885	0.030800089712961314	0.4620427460272134	0.010540078933635906	1.8162104685967793	0.023541663747241977	0.3421902447381799	0.009229267832930528	0.8351798048224977	0.0021942002906160715	0.5876880817297625	0.009561058510281136	2.420463551028949	0.029192759958214107	0.8340810904289607	0.002241432458487862	outer_kp__corrective_drug_screen__common_AMR_only__ChemBERTa_first_token_ablation	corrective_drug_representation_screen_v2	common_AMR_only	projected_concatenation_MLP	ChemBERTa_first_token_ablation	ChemBERTa_first_token_ablation	single_view	0	outer_kp__final_common_AMR_only__corrective_hp_03_wide_regularised	outer_kp__final_common_AMR_only__corrective_hp_03_wide_regularised	0	186241	kp	kp	186241	2	3	YES	4	corrective_hp_03_wide_regularised	2.423478562237564	0.02388069188318761	ChemBERTa_first_token_ablation__single_view
1.758395139218858	0.015841209286207452	0.35133228775312686	0.004722703320245389	0.5600243231233817	0.005961352339627217	-1.524159604103233	0.18595943982083116	2.285206540329042	0.016551090150667976	0.4551022218097837	0.005136113413218035	1.8134181284537376	0.010578090552238533	0.34049986559981	0.005447504806896053	0.8339986002680023	0.0008596385135753443	0.5881208204846042	0.003929993583419803	2.419934897225279	0.013728974269000365	0.8324496752845737	0.002076092124930153	outer_kp__corrective_drug_screen__common_AMR_only__ChemBERTa_mean	corrective_drug_representation_screen_v2	common_AMR_only	projected_concatenation_MLP	ChemBERTa_mean	ChemBERTa_mean	single_view	0	outer_kp__final_common_AMR_only__corrective_hp_03_wide_regularised	outer_kp__final_common_AMR_only__corrective_hp_03_wide_regularised	0	186241	kp	kp	186241	4	3	YES	5	corrective_hp_03_wide_regularised	2.4228900068381933	0.021079652556112626	ChemBERTa_mean__single_view
1.7601166873244594	0.01900017169605884	0.3566242604810698	0.011014639417831058	0.5590747179651312	0.007588083263059022	-1.475609895475116	0.043655925075769944	2.2875234850705373	0.01578434733577589	0.45786861718520827	0.011329868026224805	1.820099504857289	0.022790852202825947	0.344176295654276	0.01375954526162575	0.833949805085665	0.00029384495334538606	0.5867748113109623	0.009481134517290787	2.4228614113250315	0.029549775403678324	0.8331238820862467	0.0015966343351601533	outer_kp__corrective_drug_view_fusion__ChemBERTa_mean_plus_Morgan__separate_encoder_projected		common_AMR_only	projected_concatenation_MLP	ChemBERTa_mean_plus_Morgan		separate_encoder_projected	0	outer_kp__final_common_AMR_only__corrective_hp_03_wide_regularised		0	654913	kp		654913	3	3	YES	6	corrective_hp_03_wide_regularised	2.4381583961010893	0.04043575867351133	ChemBERTa_mean_plus_Morgan__separate_encoder_projected
1.7514196644834363	0.03276074660890102	0.36114447170921987	0.006051295745964454	0.5571512235193729	0.014284700215066915	-1.5819608546636015	0.20754939826895882	2.287633788622049	0.04170423477219325	0.45263657086714315	0.016245123551160888	1.8066673398065982	0.03758943073124162	0.3521225868022717	0.004344498874295758	0.833387010558297	0.006052252124945086	0.5868760421481974	0.01853904924292327	2.4233135672157267	0.05646649059375562	0.831603695286837	0.006123561797769015	outer_kp__corrective_drug_screen__common_AMR_only__Morgan	corrective_drug_representation_screen_v2	common_AMR_only	projected_concatenation_MLP	Morgan	Morgan	single_view	0	outer_kp__final_common_AMR_only__corrective_hp_03_wide_regularised	outer_kp__final_common_AMR_only__corrective_hp_03_wide_regularised	0	505729	kp	kp	505729	5	3	YES	7	corrective_hp_03_wide_regularised	2.4179206768998647	0.048824844104323174	Morgan__single_view
1.7649352417497022	0.021807322339067164	0.3626724646366508	0.00847909808558219	0.5570166463609594	0.0051707671459531096	-1.664315013713895	0.15235841684670592	2.2941187394121285	0.023557929820751045	0.4578505612695741	0.007794466189310591	1.8141572641919552	0.026797327933451978	0.3547305497755473	0.011115504084522203	0.8319703020578054	0.004343475534258619	0.5868730382786014	0.011930606267508337	2.423554651897525	0.038800562362701435	0.8303086614016815	0.0035311735757469877	outer_kp__corrective_drug_view_fusion__ChemBERTa_mean_plus_Morgan__separate_encoder_low_rank		common_AMR_only	projected_concatenation_MLP	ChemBERTa_mean_plus_Morgan		separate_encoder_low_rank	16	outer_kp__final_common_AMR_only__corrective_hp_03_wide_regularised		0	659713	kp		659713	4	3	YES	8	corrective_hp_03_wide_regularised	2.432634102387611	0.02346938290181114	ChemBERTa_mean_plus_Morgan__separate_encoder_low_rank
1.7695150475964994	0.021557526625934555	0.35178264792683533	0.012758606287241592	0.5570368603801984	0.007119500525266633	-1.5673122375171331	0.11322168778616165	2.2987581268048345	0.01698795792626479	0.4580215118239516	0.0068817405238386295	1.8241480759232553	0.019097972909738217	0.34268150393798197	0.01467390402345965	0.8306551514594275	0.0013497630706652247	0.5830303600688119	0.003619841215895408	2.43544266704976	0.01352594125544265	0.8301906630729494	0.0008796725309605575	outer_kp__corrective_drug_screen__common_AMR_only__ChemBERTa_mean_plus_Morgan	corrective_drug_representation_screen_v2	common_AMR_only	projected_concatenation_MLP	ChemBERTa_mean_plus_Morgan	ChemBERTa_mean_plus_Morgan	raw_single_encoder_concatenation	0	outer_kp__final_common_AMR_only__corrective_hp_03_wide_regularised	outer_kp__final_common_AMR_only__corrective_hp_03_wide_regularised	0	579457	kp	kp	579457	6	3	YES	9	corrective_hp_03_wide_regularised	2.437303822375536	0.01961580136927633	ChemBERTa_mean_plus_Morgan__raw_single_encoder_concatenation
1.7667873850219706	0.017285292684884955	0.35709562827247704	0.0010231337825791702	0.5521361830371228	0.011289260542490603	-1.571148537409312	0.19767727457304055	2.298945331705882	0.020175579462069562	0.449428030825483	0.005447681432323464	1.8243217079065737	0.0060908913099980005	0.3460807092567031	0.002318667569286256	0.8306019418260231	0.0011744317513599208	0.580871067678078	0.0021760417452786856	2.445241532688533	0.007043037644115069	0.8286655541854229	0.0022699341636236814	outer_kp__corrective_drug_screen__common_AMR_only__RDKit	corrective_drug_representation_screen_v2	common_AMR_only	projected_concatenation_MLP	RDKit	RDKit	single_view	0	outer_kp__final_common_AMR_only__corrective_hp_03_wide_regularised	outer_kp__final_common_AMR_only__corrective_hp_03_wide_regularised	0	117697	kp	kp	117697	7	3	YES	10	corrective_hp_03_wide_regularised	2.4154629951454933	0.029922699691860226	RDKit__single_view
1.760663180182726	0.00924286028395168	0.3505294198541888	0.005309718682585688	0.5583486650923088	0.006614592792945504	-1.5308444107201211	0.18467761974761693	2.284743465766032	0.014231165314530546	0.45175826281787773	0.00949844862916231	1.8174542459022576	0.0028582807576787925	0.34239937453737745	0.004998321053032559	0.8330031340113351	0.001958471767587722	0.5861360915717384	0.0032705581313459725	2.429662416361317	0.01316885915523425	0.8306485630757248	0.0012375012357191664	outer_kp__corrective_drug_screen__common_AMR_only__identity_seen_drug_control	corrective_drug_representation_screen_v2	common_AMR_only	projected_concatenation_MLP	identity_seen_drug_control	identity_seen_drug_control	single_view	0	outer_kp__final_common_AMR_only__corrective_hp_03_wide_regularised	outer_kp__final_common_AMR_only__corrective_hp_03_wide_regularised	0	116161	kp	kp	116161	3	3	NO		corrective_hp_03_wide_regularised	2.406313902322544	0.012912566476731072	identity_seen_drug_control__single_view
1.5050687262281086	0.02972841369326511	0.4530774345705861	0.014624131699331442	0.5254279188223411	0.0027657391147396324	-0.23486528901385229	0.03904264344201532	1.9818999976890648	0.025959256425890767	0.4672864989231078	0.0014662660960669904	1.5508391433082658	0.029695977860330472	0.44538120511942986	0.015313204683573058	0.7438282824579572	0.003619591106308553	0.478710851404123	0.012833669370232382	2.1137655220087064	0.027896078758351588	0.7478255443872316	0.007244221155345399	outer_se__corrective_drug_screen__common_AMR_only__ChemBERTa_mean	corrective_drug_representation_screen_v2	common_AMR_only	projected_concatenation_MLP	ChemBERTa_mean	ChemBERTa_mean	single_view	0	outer_se__final_common_AMR_only__corrective_hp_02_balanced	outer_se__final_common_AMR_only__corrective_hp_02_balanced	0	76993	se	se	76993	1	3	YES	1	corrective_hp_02_balanced	1.9917729089610103	0.017739697457352384	ChemBERTa_mean__single_view
1.5099317040096742	0.0245559913702142	0.45233000263495743	0.011596220369162559	0.5251643383528432	0.00498381466777616	-0.2507296167596024	0.04532902286928447	1.990415740879404	0.013522182776642074	0.47038794606501416	0.0034709688232231963	1.552768613508132	0.030545023227822772	0.44720785447521644	0.010763962943172866	0.7459425952340423	0.002077923437904671	0.47634601842727736	0.014333770852506422	2.1190714632949237	0.028942292678796246	0.7492735596920915	0.0010043557268770537	outer_se__corrective_drug_screen__common_AMR_only__Morgan	corrective_drug_representation_screen_v2	common_AMR_only	projected_concatenation_MLP	Morgan	Morgan	single_view	0	outer_se__final_common_AMR_only__corrective_hp_02_balanced	outer_se__final_common_AMR_only__corrective_hp_02_balanced	0	183489	se	se	183489	2	3	YES	2	corrective_hp_02_balanced	2.0033343272207955	0.004030115717834232	Morgan__single_view
1.5182586325957679	0.03372327258668176	0.4507294175219089	0.01418437740467257	0.5197420654924209	0.003331895524532288	-0.26702832059316384	0.0647301527996722	1.9911374088522813	0.03318967897488672	0.46300772686039987	0.0019463710442474537	1.561548944630661	0.041107068722958245	0.4444198721314517	0.015196210718026014	0.7435130749880058	0.003880072224117662	0.47899492590116816	0.022911878082001184	2.1162945904248667	0.042835145219509915	0.7469269875607831	0.004206937464202538	outer_se__corrective_drug_view_fusion__ChemBERTa_mean_plus_Morgan_plus_RDKit__separate_encoder_low_rank		common_AMR_only	projected_concatenation_MLP	ChemBERTa_mean_plus_Morgan_plus_RDKit		separate_encoder_low_rank	16	outer_se__final_common_AMR_only__corrective_hp_02_balanced		0	258369	se		258369	1	3	YES	3	corrective_hp_02_balanced	1.9999057972485028	0.025287081565865656	ChemBERTa_mean_plus_Morgan_plus_RDKit__separate_encoder_low_rank
1.5159165885052446	0.010413965154407002	0.4515747240884953	0.007498595605432815	0.5231288825494487	0.012461402974331237	-0.2424533303765927	0.03294064688523936	1.992028628731885	0.020217090497592946	0.4671997121118663	0.009028732590428759	1.5591867640820514	0.0127827326181666	0.44596912951107853	0.006511172964368428	0.7426892197990416	0.0011508579107071273	0.4758442280042601	0.013915593918147442	2.1193290319622395	0.022445916192035485	0.7465996198054019	0.0033427935489545135	outer_se__corrective_drug_view_fusion__ChemBERTa_mean_plus_Morgan__separate_encoder_projected		common_AMR_only	projected_concatenation_MLP	ChemBERTa_mean_plus_Morgan		separate_encoder_projected	0	outer_se__final_common_AMR_only__corrective_hp_02_balanced		0	237697	se		237697	2	3	YES	4	corrective_hp_02_balanced	2.0146440706318605	0.03227253072089619	ChemBERTa_mean_plus_Morgan__separate_encoder_projected
1.5234298828330193	0.015444790482534597	0.4438790185512822	0.007011661968664322	0.5312742634428282	0.0017346968627004293	-0.2557721169024428	0.02761518313382952	1.996149314502412	0.009139266850581144	0.47267264119918656	0.002769561076608418	1.5650954430693274	0.020437448366452254	0.43830755129684107	0.009228970792424148	0.7451901344585421	0.003521378022844212	0.47462378592705967	0.010057476252051282	2.123401727896217	0.018378583601187656	0.7484087989712286	0.0030744155493448305	outer_se__corrective_drug_screen__common_AMR_only__RDKit	corrective_drug_representation_screen_v2	common_AMR_only	projected_concatenation_MLP	RDKit	RDKit	single_view	0	outer_se__final_common_AMR_only__corrective_hp_02_balanced	outer_se__final_common_AMR_only__corrective_hp_02_balanced	0	54145	se	se	54145	3	3	YES	5	corrective_hp_02_balanced	2.008450683089177	0.016223493039442784	RDKit__single_view
1.5220371889826179	0.02355592119467786	0.4483418543125908	0.012477850299214397	0.5234840520617885	0.012599034534212548	-0.2740887763396708	0.020719068931251545	1.9978268350682669	0.009437114055202945	0.46512303340450106	0.005996731909200363	1.5685414939286677	0.032031435991643986	0.4416850370830194	0.013200875163354518	0.7437163459093218	0.0034876189392005503	0.47213804273009014	0.016604241636266965	2.1290632259679065	0.02775029511366892	0.7459143599320658	0.0028165016850889655	outer_se__corrective_drug_view_fusion__ChemBERTa_mean_plus_Morgan_plus_RDKit__separate_encoder_projected		common_AMR_only	projected_concatenation_MLP	ChemBERTa_mean_plus_Morgan_plus_RDKit		separate_encoder_projected	0	outer_se__final_common_AMR_only__corrective_hp_02_balanced		0	252097	se		252097	3	3	YES	6	corrective_hp_02_balanced	2.0167521477003736	0.010422088267571464	ChemBERTa_mean_plus_Morgan_plus_RDKit__separate_encoder_projected
1.5164772323693683	0.011920669272091223	0.44767872849262597	0.008800212978781995	0.5242791778983448	0.00886732698529987	-0.25635901411728473	0.025654323972750196	1.9982334654617373	0.009123178428014644	0.46803829074067577	0.0019962177399457394	1.5616444940418497	0.012775498497624474	0.4408694951482188	0.008359057007147093	0.7437546189354939	0.002898795353171419	0.4722115583735764	0.010027058833329636	2.1272749937182325	0.016814397648148086	0.7480988061483527	0.0009695366856599068	outer_se__corrective_drug_screen__common_AMR_only__ChemBERTa_first_token_ablation	corrective_drug_representation_screen_v2	common_AMR_only	projected_concatenation_MLP	ChemBERTa_first_token_ablation	ChemBERTa_first_token_ablation	single_view	0	outer_se__final_common_AMR_only__corrective_hp_02_balanced	outer_se__final_common_AMR_only__corrective_hp_02_balanced	0	76993	se	se	76993	4	3	YES	7	corrective_hp_02_balanced	2.017329515212408	0.01671116866545442	ChemBERTa_first_token_ablation__single_view
1.5221648550911453	0.016482186376427097	0.45217698171551496	0.0038365804431781977	0.5197360305809787	0.013142685251459448	-0.25497036058798056	0.032917822968479275	2.0047967931097794	0.03177320219061847	0.46427397989228353	0.008698456336506727	1.5661884222299072	0.021366676295903667	0.44616655304646113	0.006160442153270361	0.7408079114858236	0.00615044345498542	0.4668076299196955	0.018469554702948237	2.133769212576326	0.03473803923244704	0.7464013126512775	0.0057832751348543664	outer_se__corrective_drug_screen__common_AMR_only__ChemBERTa_mean_plus_Morgan	corrective_drug_representation_screen_v2	common_AMR_only	projected_concatenation_MLP	ChemBERTa_mean_plus_Morgan	ChemBERTa_mean_plus_Morgan	raw_single_encoder_concatenation	0	outer_se__final_common_AMR_only__corrective_hp_02_balanced	outer_se__final_common_AMR_only__corrective_hp_02_balanced	0	208065	se	se	208065	5	3	YES	8	corrective_hp_02_balanced	2.034322942824035	0.041080969601368825	ChemBERTa_mean_plus_Morgan__raw_single_encoder_concatenation
1.5265144088844966	0.011953507830291366	0.44795422204773355	0.002870110521389525	0.5228211980707855	0.0026249924577934377	-0.2677586278967579	0.005677338068359016	2.0062898352078773	0.003717386315279514	0.46527753442469066	0.01091919696363844	1.5711875281940761	0.013091037129630077	0.44073685787175454	0.001413864047845523	0.7401833564797733	0.0023005225394927154	0.46580917393779747	0.005332431521016645	2.137037319983809	0.011312561954856469	0.7444599296786013	0.004266806275687625	outer_se__corrective_drug_view_fusion__ChemBERTa_mean_plus_Morgan__separate_encoder_low_rank		common_AMR_only	projected_concatenation_MLP	ChemBERTa_mean_plus_Morgan		separate_encoder_low_rank	16	outer_se__final_common_AMR_only__corrective_hp_02_balanced		0	240897	se		240897	4	3	YES	9	corrective_hp_02_balanced	2.031338094130754	0.003242365306295706	ChemBERTa_mean_plus_Morgan__separate_encoder_low_rank
1.5191009430326021	0.010927961813677153	0.45195673919197715	0.005507532031232754	0.5229122207043342	0.014470096964709028	-0.2754406309624153	0.027162029311893827	2.0076485701171936	0.018503661840661066	0.4693860741462528	0.009295779070774229	1.5636868599522467	0.008013165425839599	0.4474514413302206	0.0057103191540532295	0.7450456819657497	0.007215471356730511	0.4677042579990392	0.00412599950283702	2.1356086533348324	0.011777219898480532	0.7516630715767798	0.0044679672386511845	outer_se__corrective_drug_screen__common_AMR_only__ChemBERTa_mean_plus_Morgan_plus_RDKit	corrective_drug_representation_screen_v2	common_AMR_only	projected_concatenation_MLP	ChemBERTa_mean_plus_Morgan_plus_RDKit	ChemBERTa_mean_plus_Morgan_plus_RDKit	raw_single_encoder_concatenation	0	outer_se__final_common_AMR_only__corrective_hp_02_balanced	outer_se__final_common_AMR_only__corrective_hp_02_balanced	0	209793	se	se	209793	6	3	YES	10	corrective_hp_02_balanced	2.0266557601836457	0.011426153648582706	ChemBERTa_mean_plus_Morgan_plus_RDKit__raw_single_encoder_concatenation
1.551533753477423	0.024373152887468205	0.4392167073814713	0.012509457745456618	0.5238298506412663	0.011349788387216639	-0.2879022149988469	0.04644165534634292	2.03423845117782	0.014586651623852137	0.46175415975702755	0.009125514197205593	1.6007251437938084	0.02831442885527715	0.43236535974995244	0.015238878781491385	0.7411537487663743	0.00652546330295937	0.4441439696211131	0.012062154300019197	2.1763076590995554	0.017860592314778385	0.7451491224960943	0.007238568214073377	outer_se__corrective_drug_screen__common_AMR_only__identity_seen_drug_control	corrective_drug_representation_screen_v2	common_AMR_only	projected_concatenation_MLP	identity_seen_drug_control	identity_seen_drug_control	single_view	0	outer_se__final_common_AMR_only__corrective_hp_02_balanced	outer_se__final_common_AMR_only__corrective_hp_02_balanced	0	53633	se	se	53633	7	3	NO		corrective_hp_02_balanced	2.065157557264538	0.04331906366612084	identity_seen_drug_control__single_view
