outer_target_code	source_regime_id	model_kind	support_budget_percent	fold_count	few_shot_gain_macro_mae_mean_across_folds	few_shot_gain_macro_mae_sd_across_folds	few_shot_gain_macro_rmse_mean_across_folds	few_shot_gain_macro_rmse_sd_across_folds	macro_mae_mean_across_folds	macro_mae_sd_across_folds	macro_one_tier_accuracy_mean_across_folds	macro_one_tier_accuracy_sd_across_folds	macro_pearson_mean_across_folds	macro_pearson_sd_across_folds	macro_r2_mean_across_folds	macro_r2_sd_across_folds	macro_rmse_mean_across_folds	macro_rmse_sd_across_folds	macro_spearman_mean_across_folds	macro_spearman_sd_across_folds	pooled_mae_mean_across_folds	pooled_mae_sd_across_folds	pooled_one_tier_accuracy_mean_across_folds	pooled_one_tier_accuracy_sd_across_folds	pooled_pearson_mean_across_folds	pooled_pearson_sd_across_folds	pooled_r2_mean_across_folds	pooled_r2_sd_across_folds	pooled_rmse_mean_across_folds	pooled_rmse_sd_across_folds	pooled_spearman_mean_across_folds	pooled_spearman_sd_across_folds	pretraining_gain_macro_mae_mean_across_folds	pretraining_gain_macro_mae_sd_across_folds	pretraining_gain_macro_rmse_mean_across_folds	pretraining_gain_macro_rmse_sd_across_folds	pretraining_gain_pooled_mae_mean_across_folds	pretraining_gain_pooled_mae_sd_across_folds	pretraining_gain_pooled_rmse_mean_across_folds	pretraining_gain_pooled_rmse_sd_across_folds	zero_shot_macro_mae_mean_across_folds	zero_shot_macro_mae_sd_across_folds	zero_shot_macro_one_tier_accuracy_mean_across_folds	zero_shot_macro_one_tier_accuracy_sd_across_folds	zero_shot_macro_pearson_mean_across_folds	zero_shot_macro_pearson_sd_across_folds	zero_shot_macro_r2_mean_across_folds	zero_shot_macro_r2_sd_across_folds	zero_shot_macro_rmse_mean_across_folds	zero_shot_macro_rmse_sd_across_folds	zero_shot_macro_spearman_mean_across_folds	zero_shot_macro_spearman_sd_across_folds	zero_shot_pooled_mae_mean_across_folds	zero_shot_pooled_mae_sd_across_folds	zero_shot_pooled_one_tier_accuracy_mean_across_folds	zero_shot_pooled_one_tier_accuracy_sd_across_folds	zero_shot_pooled_pearson_mean_across_folds	zero_shot_pooled_pearson_sd_across_folds	zero_shot_pooled_r2_mean_across_folds	zero_shot_pooled_r2_sd_across_folds	zero_shot_pooled_rmse_mean_across_folds	zero_shot_pooled_rmse_sd_across_folds	zero_shot_pooled_spearman_mean_across_folds	zero_shot_pooled_spearman_sd_across_folds
ec	kp_plus_se_to_ec	source_pretrained_few_shot	1	5	0.3311347946676123	0.009704451540229102	0.3784187803485472	0.012260016047492515	1.37747790437237	0.012120694764624547	0.4691938962499619	0.007352026897587459	0.5485473522090196	0.009158696734097492	0.07526790256241919	0.02171884053156238	1.8150716941468565	0.03410333749092365	0.49710177359982266	0.010770683503876301	1.441106458554147	0.014966123346270947	0.45331273504430686	0.007670123568025366	0.7955176223018202	0.007040078817609328	0.6228211557150876	0.014256984014641434	1.9931762655722534	0.05214265021094307	0.8185019409251115	0.0037346674408740973	0.544512300115019	0.011837364079099326	0.6030333485027385	0.015163356654551086	0.554790230197066	0.018292413567988927	0.6328862320600954	0.05344081909619662	1.7086126990399824	0.014782447998118857	0.38838620548264025	0.00257203999830292	0.49882628322627126	0.010500121805726334	-0.5223714221341054	0.03359156601420258	2.193490474495404	0.029423921315588908	0.46052638394118384	0.011183133341680225	1.8079598106500843	0.012616542296074467	0.37062932028990836	0.0022621086907102903	0.7316300584283725	0.007049661111795074	0.43132262324464976	0.00822923723737082	2.438445720234608	0.035728608452124874	0.7535327816629558	0.0033281210680367345
ec	kp_plus_se_to_ec	source_pretrained_few_shot	5	5	0.5208094870661364	0.006956267527881776	0.5733797716797722	0.006925863035583729	1.187803211973846	0.013300267200390086	0.5705441948636807	0.006089642209323677	0.5932502554091872	0.008698362999286245	0.30214156606978576	0.0130041969570125	1.6201107028156314	0.03262536249366915	0.5308417228363541	0.01036645948522983	1.2529204820634432	0.012241097799111422	0.5533315802424006	0.0066251647953454625	0.8292231191560354	0.006736252192165974	0.6865377641525721	0.011268712595946669	1.8170506696615838	0.04716795990375159	0.8572061367360387	0.003550913565496728	0.4511353253710088	0.15274932059382443	0.4721457235918642	0.11751866156929762	0.45240750347131675	0.1622836047617709	0.4731747100654207	0.1204033808824268	1.7086126990399824	0.014782447998118857	0.38838620548264025	0.00257203999830292	0.49882628322627126	0.010500121805726334	-0.5223714221341054	0.03359156601420258	2.193490474495404	0.029423921315588908	0.46052638394118384	0.011183133341680225	1.8079598106500843	0.012616542296074467	0.37062932028990836	0.0022621086907102903	0.7316300584283725	0.007049661111795074	0.43132262324464976	0.00822923723737082	2.438445720234608	0.035728608452124874	0.7535327816629558	0.0033281210680367345
ec	kp_plus_se_to_ec	source_pretrained_few_shot	10	5	0.5846529935384721	0.007675699952168481	0.6421264807005461	0.005461264145982054	1.1239597055015103	0.014713408824753317	0.6044807081550292	0.006750833092171077	0.6199767001090513	0.009729820814517736	0.370027557961844	0.012346937829856415	1.5513639937948578	0.031591251183617795	0.5495983942775736	0.009776839977790839	1.1924664648073875	0.013802994887936532	0.5836055145648303	0.006525895289033751	0.8412527833147273	0.0063950583705603406	0.7071922038152454	0.010892450868314267	1.7561555101924384	0.045902810006302745	0.8702693531030299	0.003803850093042959	0.0449851601107341	0.08919937479247236	0.10277803372670133	0.07528252202501833	0.01660764829710589	0.09392436840573247	0.07565575454390858	0.07775154230961473	1.7086126990399824	0.014782447998118857	0.38838620548264025	0.00257203999830292	0.49882628322627126	0.010500121805726334	-0.5223714221341054	0.03359156601420258	2.193490474495404	0.029423921315588908	0.46052638394118384	0.011183133341680225	1.8079598106500843	0.012616542296074467	0.37062932028990836	0.0022621086907102903	0.7316300584283725	0.007049661111795074	0.43132262324464976	0.00822923723737082	2.438445720234608	0.035728608452124874	0.7535327816629558	0.0033281210680367345
ec	kp_to_ec	source_pretrained_few_shot	1	5	0.18869908224388512	0.07438333408904883	0.19888627895337388	0.08037256034663624	1.6117947490972995	0.07476577737283724	0.46451279050405764	0.01418393356207318	0.5077024102391341	0.016049903238838793	-0.36720598318192366	0.17816670166152654	2.0999792183540142	0.08511424001631106	0.4564714625213762	0.014672080534739635	1.5974182541980488	0.05244088179058009	0.46263991233366164	0.011434847210905735	0.7130445897160153	0.018241802802072566	0.5012047518462931	0.030893539571082772	2.2908684793230867	0.0711670316649767	0.7398598743610894	0.023353505089890775	0.3101954553900893	0.061359283487042886	0.318125824295581	0.06963382325231929	0.3984784345531647	0.060755915415390514	0.33519401830926165	0.08592757883557207	1.800493831341185	0.010698168864958764	0.42112192513730073	0.002549694751273846	0.4902943105796429	0.003952846597979335	-0.7818047881529387	0.026529438834429903	2.298865497307388	0.01987148248688425	0.44252716610782883	0.007704605937694324	1.769023175144039	0.008341935445020415	0.42392861853572417	0.002893410781935523	0.6718529693056172	0.006063440273707025	0.41245164293356595	0.005839756683679777	2.4873457718752263	0.034613893581593246	0.6898010144569696	0.0021699404115072558
ec	kp_to_ec	source_pretrained_few_shot	5	5	0.46954155297884687	0.011286614178309175	0.5013171697503769	0.017385475113542284	1.3309522783623382	0.01576886783891271	0.5440693323915855	0.0029256125996235875	0.5506985208516085	0.004527319907395376	0.14049421536390586	0.0069199046619623185	1.797548327557011	0.029934552087303213	0.4865418911483793	0.005486873077729108	1.362287364110681	0.018011087904611707	0.5402733967693811	0.005585730593055464	0.7851186716788707	0.005813088823046401	0.6132438498780862	0.010477328676727623	2.018356987280278	0.04512909929852965	0.8203868574370968	0.0061741635978564205	0.30798625898251675	0.15458919508981916	0.294708098850485	0.1250142687506686	0.34304062142407893	0.17418747974072604	0.27186839244672656	0.13896772296057183	1.800493831341185	0.010698168864958764	0.42112192513730073	0.002549694751273846	0.4902943105796429	0.003952846597979335	-0.7818047881529387	0.026529438834429903	2.298865497307388	0.01987148248688425	0.44252716610782883	0.007704605937694324	1.769023175144039	0.008341935445020415	0.42392861853572417	0.002893410781935523	0.6718529693056172	0.006063440273707025	0.41245164293356595	0.005839756683679777	2.4873457718752263	0.034613893581593246	0.6898010144569696	0.0021699404115072558
ec	kp_to_ec	source_pretrained_few_shot	10	5	0.6244400292463536	0.015155132706539846	0.6812239606323357	0.015539462342415607	1.1760538020948315	0.019310920748998577	0.585450146195065	0.007303181037293055	0.5837745960374574	0.004837844849485131	0.3065670388654417	0.009372614552949023	1.6176415366750523	0.032893681983205816	0.5171182655678445	0.004259674696368136	1.2343262757059634	0.015926537268313484	0.5662036253003929	0.006313869164843992	0.8285307353371424	0.005807322191923081	0.6857261328321991	0.010230404351285026	1.8194962269318418	0.04604425698982231	0.8603675968843559	0.0038129946758041827	-0.007108936482587115	0.09519315315767804	0.036500490846506736	0.08713176774575192	-0.025252162601469702	0.10055370491961443	0.012315037804505217	0.09148411774638576	1.800493831341185	0.010698168864958764	0.42112192513730073	0.002549694751273846	0.4902943105796429	0.003952846597979335	-0.7818047881529387	0.026529438834429903	2.298865497307388	0.01987148248688425	0.44252716610782883	0.007704605937694324	1.769023175144039	0.008341935445020415	0.42392861853572417	0.002893410781935523	0.6718529693056172	0.006063440273707025	0.41245164293356595	0.005839756683679777	2.4873457718752263	0.034613893581593246	0.6898010144569696	0.0021699404115072558
ec	se_to_ec	source_pretrained_few_shot	1	5	0.5898779468505643	0.026026203907898338	0.6256293829306243	0.03060356986479277	2.0249680795890077	0.018050868080620588	0.34029321607003044	0.005858591349520779	0.4512415291678399	0.01142394055058227	-2.7244898230140056	0.12564500202910647	2.500835901899911	0.03389281240054068	0.4250339942234079	0.0077249876904873895	2.1214245357955512	0.02032222809666562	0.31081765972971465	0.005121672276358763	0.6146184840626392	0.00889946311229193	0.28413068692337956	0.014620772874641145	2.745902989177013	0.03436402670833822	0.6101251071391455	0.009995890893872159	-0.10297787510161857	0.009715063864388406	-0.0827308592503161	0.01978986227270911	-0.12552784704433786	0.026103102803879206	-0.119840491544664	0.0504452108524629	2.6148460264395714	0.015366005790073875	0.26526939253252313	0.002158323399376904	0.3985102903184407	0.00561741794295642	-4.8451707602114436	0.1589783297111672	3.1264652848305357	0.02725728219282362	0.37637819172700293	0.003899133680702465	2.6574815353569856	0.012339777137716121	0.2601146534827572	0.0019704565431612952	0.49300785014195114	0.002410147784075493	-0.10807962826758186	0.008364222606622866	3.413840868695341	0.023095512614528742	0.48910362984551464	0.006102726850712155
ec	se_to_ec	source_pretrained_few_shot	5	5	1.047002632423794	0.02346047658588924	1.112272377401962	0.027286697286090414	1.5678433940157779	0.01978435049889188	0.43400713091236864	0.0046963241776842996	0.46739220131449216	0.01696258249851414	-0.7346377655532521	0.03679548573373185	2.0141929074285736	0.03811417324081718	0.4312509227846616	0.011200941250926508	1.6555666266588407	0.01981385416975051	0.41089857616986203	0.005368291184144332	0.7311396822068419	0.00858645691953367	0.5297106308086227	0.012845019748986624	2.2257254216723945	0.04414182113407049	0.7535523314734615	0.005356047224034097	0.07109514332907697	0.13970760430485346	0.07806351897892234	0.10476968531550963	0.04976135887591934	0.15138846312404056	0.0644999580546103	0.11100944541602033	2.6148460264395714	0.015366005790073875	0.26526939253252313	0.002158323399376904	0.3985102903184407	0.00561741794295642	-4.8451707602114436	0.1589783297111672	3.1264652848305357	0.02725728219282362	0.37637819172700293	0.003899133680702465	2.6574815353569856	0.012339777137716121	0.2601146534827572	0.0019704565431612952	0.49300785014195114	0.002410147784075493	-0.10807962826758186	0.008364222606622866	3.413840868695341	0.023095512614528742	0.48910362984551464	0.006102726850712155
ec	se_to_ec	source_pretrained_few_shot	10	5	1.2341775592281203	0.024848421172034927	1.3022197003137823	0.030514260205298238	1.3806684672114515	0.023278498310160264	0.4827199274341597	0.008359413378667094	0.4806043467264434	0.013651913304858376	-0.03842291838114753	0.02483153330271295	1.8242455845167531	0.040984308082168006	0.438956821979959	0.008134995519307192	1.4623483631305967	0.021340366542455518	0.4587299574560169	0.008902665675659628	0.7812974555268993	0.008961912359648752	0.609031187173446	0.01385667650545936	2.0292516228931654	0.04795589870440216	0.8092503726857709	0.00649035573061649	-0.2117236015992074	0.08727340149087133	-0.17010355699519425	0.07295766407857769	-0.25327425002610343	0.08896490578145433	-0.19744035815681854	0.06924510410008897	2.6148460264395714	0.015366005790073875	0.26526939253252313	0.002158323399376904	0.3985102903184407	0.00561741794295642	-4.8451707602114436	0.1589783297111672	3.1264652848305357	0.02725728219282362	0.37637819172700293	0.003899133680702465	2.6574815353569856	0.012339777137716121	0.2601146534827572	0.0019704565431612952	0.49300785014195114	0.002410147784075493	-0.10807962826758186	0.008364222606622866	3.413840868695341	0.023095512614528742	0.48910362984551464	0.006102726850712155
kp	ec_to_kp	source_pretrained_few_shot	1	5	0.2626563505440046	0.005494774326114347	0.29396579423973257	0.003046642579203434	1.475311412979138	0.014912272478918584	0.4643373567037338	0.006623986990915164	0.41325054061560423	0.007393442598953414	0.008472278140372935	0.01160878914897101	1.9314138656787878	0.01396113851487735	0.37306982175657105	0.006262249672504407	1.492247235460534	0.01927546591958964	0.46708945203163454	0.008162737018568884	0.6879952983857837	0.003646445462097081	0.4321110589524997	0.007476651422458628	2.0061145154717783	0.017185512536795552	0.6905385745403604	0.004789493350313181	3.5517664854678445e-05	0.02780313726909521	-0.027307712081050407	0.023870587298537537	-0.02581667775537288	0.022089716915371507	-0.06468414741100945	0.016167583515550112	1.7379677635231428	0.013497776475792108	0.3831938427321876	0.003476441272635223	0.36429078791043856	0.007825276300879086	-0.39166733936368886	0.02834108976997634	2.225379659918521	0.016279475315686357	0.3225437698287935	0.0066326893791500315	1.769235329517739	0.012061988440552762	0.38340831466113945	0.002753304880643714	0.6510364189554052	0.003966676686998815	0.23005524323761345	0.011104361442360104	2.3347960680934774	0.011027918101530214	0.6502055208868672	0.0038188342829373442
kp	ec_to_kp	source_pretrained_few_shot	5	5	0.3993902416225681	0.009582140276396797	0.4584591293562269	0.009910842086312079	1.3385775219005747	0.016407636380338972	0.5070631139104547	0.009292072083427324	0.47958929835335373	0.0056433797602827105	0.1780505771480922	0.00494638187604638	1.766920530562294	0.014201956919646572	0.430619539305665	0.0054194384103247294	1.344571141987191	0.017758646784644786	0.5109006025274556	0.009107356220518597	0.7341099942433018	0.0034337179115492902	0.5305822898728461	0.005994837281334014	1.8239075133387697	0.015110279289043346	0.7413933990397735	0.00402546261551353	-0.025330892650270265	0.12021096137253122	-0.022282275839415475	0.1094854903892487	-0.04006274491467802	0.12186945919611229	-0.04093077159267524	0.1221022667962691	1.7379677635231428	0.013497776475792108	0.3831938427321876	0.003476441272635223	0.36429078791043856	0.007825276300879086	-0.39166733936368886	0.02834108976997634	2.225379659918521	0.016279475315686357	0.3225437698287935	0.0066326893791500315	1.769235329517739	0.012061988440552762	0.38340831466113945	0.002753304880643714	0.6510364189554052	0.003966676686998815	0.23005524323761345	0.011104361442360104	2.3347960680934774	0.011027918101530214	0.6502055208868672	0.0038188342829373442
kp	ec_to_kp	source_pretrained_few_shot	10	5	0.4600387652597565	0.009796935589128114	0.5293255544044936	0.011725982255974416	1.277928998263386	0.015458507926734328	0.5282953592312364	0.010037643786990937	0.5190812883215525	0.005543125141885451	0.23888483463297158	0.007050289386243523	1.6960541055140275	0.013729289987527126	0.4661044373926028	0.004452429061031026	1.278988023123483	0.016216579321927282	0.5344607874902948	0.010114178511113433	0.7575261088539985	0.002407573567852954	0.5700933540035844	0.004382841428425479	1.7455780152531564	0.013979791453897553	0.7652708573079953	0.0035214292166862123	-0.1957566869802734	0.008358454050873848	-0.17817558086740218	0.016858612315143857	-0.201397673446003	0.009242135293056028	-0.1895758900464168	0.016798905275759297	1.7379677635231428	0.013497776475792108	0.3831938427321876	0.003476441272635223	0.36429078791043856	0.007825276300879086	-0.39166733936368886	0.02834108976997634	2.225379659918521	0.016279475315686357	0.3225437698287935	0.0066326893791500315	1.769235329517739	0.012061988440552762	0.38340831466113945	0.002753304880643714	0.6510364189554052	0.003966676686998815	0.23005524323761345	0.011104361442360104	2.3347960680934774	0.011027918101530214	0.6502055208868672	0.0038188342829373442
kp	se_plus_ec_to_kp	source_pretrained_few_shot	1	5	0.3135039939099871	0.006167228945964382	0.3779617008236652	0.005147241148785249	1.51394164168571	0.010728291748569872	0.4537771200578744	0.0058066131045571255	0.4301347486839447	0.01090491419714448	-0.03779640955055818	0.017399188393094664	1.9790238448867903	0.013207389363056108	0.36758028697593115	0.008525192832091629	1.5418298073942063	0.01288654931191032	0.45798961679511896	0.006284168690524466	0.6886650428578392	0.003225947193140782	0.38251647371925324	0.008633853208773868	2.091122306958322	0.016029013741551593	0.6862892380404171	0.00407135941607224	-0.038594711041717446	0.03209088939050739	-0.0749176912890527	0.030189662731827563	-0.07539924968904525	0.02902769176291817	-0.14969193889755303	0.025421461323710363	1.8274456355956972	0.006211448917705404	0.3813679146701046	0.0015921888035770114	0.38544420162717075	0.010290800269656656	-0.5393834756828925	0.03018256766847976	2.3569855457104554	0.00961173049553465	0.3265712005782718	0.009380243919777029	1.8888356425908797	0.006723005740784971	0.37722449595976554	0.0012322316180462514	0.6585880359996031	0.004081258792168143	0.09319686639188016	0.015558602587169684	2.533059384107644	0.004857890111165186	0.6550127263448848	0.00406262603175768
kp	se_plus_ec_to_kp	source_pretrained_few_shot	5	5	0.4848183609077309	0.01390800254031342	0.5945717975323266	0.009543242758860279	1.3426272746879664	0.014732023851234781	0.5023101306420055	0.009270687349667451	0.497414552380378	0.005125683049557352	0.18383246326698494	0.005422266355191441	1.762413748178129	0.010360484066464722	0.4345315110849629	0.0024665648736848346	1.3551567537453233	0.015419099459593313	0.5064531650437886	0.009397772736650196	0.7355623996103053	0.0017422769656141202	0.5252918169674304	0.004103479057494197	1.8341949546889371	0.01029631559160439	0.7392286451913115	0.002194561766506158	-0.029380645437661855	0.11789042413540936	-0.01777549345525068	0.10226569447537998	-0.05064835667281035	0.12009726978889028	-0.051218212942842775	0.11679061946848468	1.8274456355956972	0.006211448917705404	0.3813679146701046	0.0015921888035770114	0.38544420162717075	0.010290800269656656	-0.5393834756828925	0.03018256766847976	2.3569855457104554	0.00961173049553465	0.3265712005782718	0.009380243919777029	1.8888356425908797	0.006723005740784971	0.37722449595976554	0.0012322316180462514	0.6585880359996031	0.004081258792168143	0.09319686639188016	0.015558602587169684	2.533059384107644	0.004857890111165186	0.6550127263448848	0.00406262603175768
kp	se_plus_ec_to_kp	source_pretrained_few_shot	10	5	0.5627838858809124	0.012264683086593021	0.6796294430993925	0.011462220212197723	1.2646617497147847	0.013467064758168125	0.5322107190459122	0.008699313721560575	0.5371621295076594	0.0036217922085045188	0.25697965304376347	0.0035035665728275055	1.677356102611063	0.008901168434525892	0.4793290404003912	0.004365670926723181	1.270605300037786	0.014194692642316306	0.5373091043856009	0.0083203439231306	0.7623047166757069	0.002299394847949044	0.5747427586965408	0.005007882400932008	1.7361214288772273	0.00908475459829341	0.767835098227132	0.003995622039327996	-0.18248943843167192	0.009133591111963466	-0.15947757796443804	0.02023680214116859	-0.1930149503603061	0.009606983969570108	-0.18011930367048826	0.01884730557846209	1.8274456355956972	0.006211448917705404	0.3813679146701046	0.0015921888035770114	0.38544420162717075	0.010290800269656656	-0.5393834756828925	0.03018256766847976	2.3569855457104554	0.00961173049553465	0.3265712005782718	0.009380243919777029	1.8888356425908797	0.006723005740784971	0.37722449595976554	0.0012322316180462514	0.6585880359996031	0.004081258792168143	0.09319686639188016	0.015558602587169684	2.533059384107644	0.004857890111165186	0.6550127263448848	0.00406262603175768
kp	se_to_kp	source_pretrained_few_shot	1	5	0.721081582883083	0.013007267396130846	0.8177335950373532	0.010289952491068358	2.156072041817356	0.013588441078202899	0.3021717821765652	0.004784423270655049	0.33954841034400657	0.0037848957099219454	-1.2410406103110734	0.10518008515239687	2.644104467076605	0.009587132382556571	0.29513456050186565	0.002450177540522361	2.1802512044244966	0.015488823719154346	0.3141062624444425	0.005324242653730121	0.5019307904269124	0.012872609197713882	-0.1522066659953077	0.02998797260279492	2.85718661748087	0.015105828783787951	0.4625388698742812	0.011479014300164354	-0.6807251111733628	0.05405483264875862	-0.7399983134788674	0.04521083263216939	-0.7138206467193358	0.05272479819847139	-0.9157562494201011	0.04365836609679571	2.8771536247004383	0.017456254536395887	0.2250425383111938	0.0035727157814175524	0.27209355777727295	0.00560209121153792	-2.671089692728926	0.1624301528691991	3.4618380621139586	0.013103950599980187	0.24494565993612963	0.004666385408580323	2.9408509648232206	0.017486461230444124	0.23211161232971073	0.003484452612716565	0.43293315800693327	0.007500117429570524	-0.9467257210059241	0.04502243174211152	3.7098702126731373	0.01598661548190291	0.3877762471788044	0.006761563987608565
kp	se_to_kp	source_pretrained_few_shot	5	5	1.306294329897157	0.023632252635444214	1.449323482850052	0.015196741980608216	1.5708592948032813	0.009500262327262457	0.42221174026935265	0.010312322337856589	0.4412462211292363	0.0039656383235757466	-0.0715381876145387	0.028049610724016773	2.012514579263906	0.007940834924001983	0.3876149853023828	0.0029585198052189446	1.588987452595911	0.010006763469423315	0.42959248012570256	0.01030023835392879	0.6570166260693728	0.007599626646839475	0.3649362745762974	0.017567856674788038	2.121214468294889	0.01171902632836077	0.6633743318854589	0.007448033502775067	-0.25761266555297696	0.12189704064246777	-0.2678763245410277	0.10502562939218259	-0.2844790555233979	0.13128846943529898	-0.3382377265487944	0.12875393999849666	2.8771536247004383	0.017456254536395887	0.2250425383111938	0.0035727157814175524	0.27209355777727295	0.00560209121153792	-2.671089692728926	0.1624301528691991	3.4618380621139586	0.013103950599980187	0.24494565993612963	0.004666385408580323	2.9408509648232206	0.017486461230444124	0.23211161232971073	0.003484452612716565	0.43293315800693327	0.007500117429570524	-0.9467257210059241	0.04502243174211152	3.7098702126731373	0.01598661548190291	0.3877762471788044	0.006761563987608565
kp	se_to_kp	source_pretrained_few_shot	10	5	1.4567369881351984	0.025711739307283602	1.6197227310545184	0.013903240724315237	1.42041663656524	0.013387659750927787	0.4691549903411917	0.012187044140378573	0.47811073152903083	0.005609789632755725	0.11336298846425645	0.02108507164638815	1.8421153310594398	0.01140787139621881	0.4260379130937356	0.006535827558858118	1.4288764560592915	0.01033777813350485	0.47700265243447726	0.0116230270671647	0.7093114498722889	0.004390595549905936	0.4829025907503287	0.010390856941722058	1.9142995275992178	0.006023865519145466	0.716397630028355	0.005432645361377791	-0.3382443252821271	0.009196518960243675	-0.3242368064128149	0.02490401237190929	-0.35128610638181185	0.00602265603476668	-0.3582974023924783	0.022741991443851882	2.8771536247004383	0.017456254536395887	0.2250425383111938	0.0035727157814175524	0.27209355777727295	0.00560209121153792	-2.671089692728926	0.1624301528691991	3.4618380621139586	0.013103950599980187	0.24494565993612963	0.004666385408580323	2.9408509648232206	0.017486461230444124	0.23211161232971073	0.003484452612716565	0.43293315800693327	0.007500117429570524	-0.9467257210059241	0.04502243174211152	3.7098702126731373	0.01598661548190291	0.3877762471788044	0.006761563987608565
se	ec_to_se	source_pretrained_few_shot	1	5	0.5494497431812296	0.016012177374993188	0.5431759778905738	0.026296522618316248	1.0861518241021213	0.031966125674587786	0.6484858371941901	0.019782784947308674	0.6332190958766091	0.019040754881916266	-1.2900286005844699	1.3697284013993454	1.5148669174359817	0.03255574440400168	0.4217588588707958	0.012573881715008312	0.9905857583152606	0.030364410314385217	0.689194041401405	0.023511771143031795	0.9300768278185239	0.0024574660984258544	0.8597392489527529	0.006285051929050354	1.4644900730139672	0.03351441411215487	0.9084732163511386	0.004694952127820772	0.35492571599141853	0.0244434248546086	0.44592962552799376	0.03897596897857903	0.4084054342749003	0.04523045554584621	0.5286268012204719	0.05274639089298713	1.635601567283351	0.034043619038475414	0.32464032115498564	0.005263814417880267	0.5700256099603058	0.027691703444033287	-3.8320194797306257	3.066157645471775	2.0580428953265555	0.042124545712576796	0.39103457444400747	0.02202841791550692	1.5820263729075852	0.010048371533892507	0.3307512789641921	0.001202872558497963	0.8857558540023142	0.0016015363452237588	0.7153612065841162	0.005118046432392039	2.086730130551561	0.016569385487264107	0.8503790285294668	0.0020551222895736037
se	ec_to_se	source_pretrained_few_shot	5	5	0.8144947891110451	0.022578792219516048	0.8021828953793877	0.04514201575874192	0.8211067781723062	0.019243103537255956	0.7746280638933819	0.009698955033453098	0.7020063817168409	0.004433146554686647	-0.13723577620927566	0.5958064666408004	1.2558599999471678	0.01812589711973303	0.4602524625289363	0.013505989970786747	0.7618315170476634	0.015585565401273557	0.8050958057614469	0.005080030327166751	0.9486760954906769	0.0008766791125908909	0.8988593717440926	0.001460425622585542	1.24392622398799	0.011478696772586842	0.9375020978412028	0.0019279851282617	-0.04610220182673476	0.03290410731772648	0.06805498058198908	0.0325002064394206	-0.01688733947080777	0.036579078346948825	0.13509460080138772	0.03244124826356493	1.635601567283351	0.034043619038475414	0.32464032115498564	0.005263814417880267	0.5700256099603058	0.027691703444033287	-3.8320194797306257	3.066157645471775	2.0580428953265555	0.042124545712576796	0.39103457444400747	0.02202841791550692	1.5820263729075852	0.010048371533892507	0.3307512789641921	0.001202872558497963	0.8857558540023142	0.0016015363452237588	0.7153612065841162	0.005118046432392039	2.086730130551561	0.016569385487264107	0.8503790285294668	0.0020551222895736037
se	ec_to_se	source_pretrained_few_shot	10	5	0.8800699641331668	0.027910542804406014	0.8634050428745267	0.04363466916132814	0.7555316031501842	0.007761353763600073	0.7992200912680467	0.006273321672254453	0.727955146155742	0.007358089981226494	0.01730757918275202	0.5295568417492444	1.194637852452029	0.010628987795114831	0.47983182817690473	0.014057013972693145	0.7028520542652711	0.006804901612852266	0.8211102874491643	0.001380644499542245	0.9529135812177338	0.0009632114650809091	0.9072993823900978	0.0016778908530491986	1.1908968534684317	0.013370909331673496	0.9416565694304865	0.0008983459883840682	-0.08937132829589386	0.012989784983805801	-0.045326331188642335	0.0214457340116623	-0.056587322940369854	0.01613285681403678	0.02313825952194787	0.014630538183286863	1.635601567283351	0.034043619038475414	0.32464032115498564	0.005263814417880267	0.5700256099603058	0.027691703444033287	-3.8320194797306257	3.066157645471775	2.0580428953265555	0.042124545712576796	0.39103457444400747	0.02202841791550692	1.5820263729075852	0.010048371533892507	0.3307512789641921	0.001202872558497963	0.8857558540023142	0.0016015363452237588	0.7153612065841162	0.005118046432392039	2.086730130551561	0.016569385487264107	0.8503790285294668	0.0020551222895736037
se	kp_plus_ec_to_se	source_pretrained_few_shot	1	5	0.5610928394884533	0.016537404076461877	0.5676904540042773	0.024729426335586033	1.0691168494292875	0.023902843137265973	0.6563276885744979	0.014207616999512982	0.6546865347558886	0.034381089851767584	-1.7308027717285213	1.5282711102903026	1.5157705305170013	0.030633696227451605	0.4363962735572461	0.016428119868536675	0.9616860595859256	0.02752971245870456	0.7013259610413533	0.020846859696184418	0.9316560088193041	0.001950998156121781	0.8651196740434776	0.0045452364887513695	1.436306755269142	0.024532351102773166	0.9105895342286173	0.002286135910834137	0.3719606906642526	0.03204293495126647	0.4450260124469744	0.05280008002436389	0.43730513300423546	0.04528850082697819	0.556810118965297	0.05721961142651524	1.6302096889177409	0.02943384160429849	0.36262883738434004	0.0059813793322171455	0.5833745499263402	0.03567403979000172	-4.1735329577489395	3.0372959973648435	2.0834609845212784	0.03994092481746747	0.4002240290559541	0.019511478534140408	1.5830047017919893	0.008206067318992047	0.3723984186602713	0.0010623644487216424	0.8825798283054912	0.0010336862335270816	0.7064574264112261	0.00402754578281667	2.1191743895991326	0.011742461298757754	0.8459574601510635	0.0015987926206208862
se	kp_plus_ec_to_se	source_pretrained_few_shot	5	5	0.8505362065773842	0.020466602491173873	0.8543449472630964	0.03541445045158769	0.7796734823403566	0.02192420296763149	0.7932111940760389	0.008578549117919774	0.7227691110261084	0.03268817966929358	-0.10178555922171917	0.5792290594788614	1.2291160372581817	0.01841313270558988	0.47827285883860904	0.011025840481531855	0.7184218780282982	0.015503033359817562	0.8281865105406195	0.008693023903806116	0.9508278315558678	0.0011955766817629244	0.9037290716309722	0.002164497399240757	1.2135689275771904	0.01548652829595576	0.9396035788330727	0.002419787555154175	-0.004668905994785303	0.029790537664806268	0.09479894327097504	0.028742499927935206	0.02652229954855742	0.03503457418392177	0.1654518972121874	0.026621097210953737	1.6302096889177409	0.02943384160429849	0.36262883738434004	0.0059813793322171455	0.5833745499263402	0.03567403979000172	-4.1735329577489395	3.0372959973648435	2.0834609845212784	0.03994092481746747	0.4002240290559541	0.019511478534140408	1.5830047017919893	0.008206067318992047	0.3723984186602713	0.0010623644487216424	0.8825798283054912	0.0010336862335270816	0.7064574264112261	0.00402754578281667	2.1191743895991326	0.011742461298757754	0.8459574601510635	0.0015987926206208862
se	kp_plus_ec_to_se	source_pretrained_few_shot	10	5	0.9140980127644356	0.023373396904626677	0.9250497550549202	0.040366050345237874	0.7161116761533053	0.011171477577656254	0.8195522327017482	0.0065332812870116976	0.7451659773455634	0.03528783169721515	0.12755601647289674	0.395339926518824	1.158411229466358	0.013051826864894395	0.5021172949488951	0.013434580567679337	0.6621120085898127	0.006160482800357976	0.84217560473779	0.00894516231765428	0.9555117875541898	0.0009574583514057575	0.9127018575995154	0.0017595406800309302	1.155654221813418	0.014355069426892318	0.9445234420598659	0.001212986304880436	-0.04995140129901496	0.009749078206911668	-0.009099708202971523	0.01962445082610469	-0.015847277264911537	0.014646364523904344	0.0583808911769614	0.012791761713420082	1.6302096889177409	0.02943384160429849	0.36262883738434004	0.0059813793322171455	0.5833745499263402	0.03567403979000172	-4.1735329577489395	3.0372959973648435	2.0834609845212784	0.03994092481746747	0.4002240290559541	0.019511478534140408	1.5830047017919893	0.008206067318992047	0.3723984186602713	0.0010623644487216424	0.8825798283054912	0.0010336862335270816	0.7064574264112261	0.00402754578281667	2.1191743895991326	0.011742461298757754	0.8459574601510635	0.0015987926206208862
se	kp_to_se	source_pretrained_few_shot	1	5	0.9294352126282581	0.04048174053667983	0.8954861355321138	0.033643871884471946	1.333690817134718	0.011624088142240108	0.574264051744709	0.017524632255227386	0.544002625404529	0.031118607956755973	-1.6873252203012488	1.6457985911611002	1.811815686676758	0.04706789031818343	0.37869928004049336	0.013786730062734022	1.3289003431702204	0.026364695616001983	0.5792146768073876	0.02156239341865041	0.8926850911693316	0.0038813678747759922	0.7667691912596721	0.0047129854364614965	1.8888946826152087	0.0196430357381463	0.8747916766428444	0.005752287224086963	0.1073867229588222	0.03764853288435008	0.14898085628721736	0.049663260776193596	0.07009084941994072	0.06571826308113791	0.10422219161923012	0.058238380331390824	2.2631260297629754	0.04212879862852224	0.25985990242307355	0.004749883401471753	0.508201041629406	0.01999366816603089	-8.976398178095346	6.670286514807518	2.707301822208872	0.05636125685216783	0.3512974659401905	0.016650807243607797	2.2681750123183755	0.008332393479312514	0.26852087828940596	0.0023304480683628928	0.7487835717843263	0.0035974362886652834	0.46498194821758876	0.004743324951149243	2.860818744232699	0.011232000032646053	0.760453389559623	0.0024877648579427103
se	kp_to_se	source_pretrained_few_shot	5	5	1.323082556798629	0.03788576025947124	1.3271736083152224	0.061109850231176946	0.9400434729643466	0.019043255981825186	0.7185938751053094	0.016545747080054362	0.6394901711098898	0.03453892928811223	0.10356750074860137	0.23686478531307822	1.3801282138936497	0.03949303713467968	0.425514714771729	0.012232414545563857	0.9230791858147036	0.027369622187762344	0.721566309593794	0.017657351559879332	0.9287502599526947	0.004280295949132241	0.8620654592634411	0.00802594150717972	1.4522519834226495	0.0453846449344695	0.9145104186035589	0.007672750699272203	-0.16503889661877535	0.03938611102299463	-0.056213233364492764	0.027381570584973813	-0.17813500823784809	0.04235364636500754	-0.0732311586332717	0.03813382180884291	2.2631260297629754	0.04212879862852224	0.25985990242307355	0.004749883401471753	0.508201041629406	0.01999366816603089	-8.976398178095346	6.670286514807518	2.707301822208872	0.05636125685216783	0.3512974659401905	0.016650807243607797	2.2681750123183755	0.008332393479312514	0.26852087828940596	0.0023304480683628928	0.7487835717843263	0.0035974362886652834	0.46498194821758876	0.004743324951149243	2.860818744232699	0.011232000032646053	0.760453389559623	0.0024877648579427103
se	kp_to_se	source_pretrained_few_shot	10	5	1.4436824001061228	0.043014773120093545	1.445911848749869	0.06902489650639115	0.8194436296568531	0.017952946129489215	0.7804985816478869	0.012893258573198466	0.6943039761678773	0.037643643025096804	0.2635106276093138	0.17909913521616158	1.2613899734590028	0.03510630474729178	0.4536822589012188	0.009884768862295237	0.7893732752352209	0.01795437419881403	0.7915827149616543	0.01418842181202577	0.9421569500908997	0.0022151817592878185	0.8868290886636243	0.0044591216797790195	1.3156070409576828	0.028750402712097892	0.9315738770941971	0.0034512813426124953	-0.15328335480256278	0.01109508493476727	-0.11207845219561637	0.018162394751617128	-0.14310854391031982	0.0032117603960369182	-0.10157192796730338	0.01956241542791005	2.2631260297629754	0.04212879862852224	0.25985990242307355	0.004749883401471753	0.508201041629406	0.01999366816603089	-8.976398178095346	6.670286514807518	2.707301822208872	0.05636125685216783	0.3512974659401905	0.016650807243607797	2.2681750123183755	0.008332393479312514	0.26852087828940596	0.0023304480683628928	0.7487835717843263	0.0035974362886652834	0.46498194821758876	0.004743324951149243	2.860818744232699	0.011232000032646053	0.760453389559623	0.0024877648579427103
